Sample,Cattle_ID,Life_stage,Sex,Predeliction,A. variegatum,A. coharenses,B. annulatus,B. decoloratus,B. geigyi,H. laechi,R. gulhoni,R. lunulatus,R. muhsame,R. sanguineus,R. senegalensis,R. gemma,Boophilus sp.,R. quilhoni,A.gemma,R.fanguineus
S1,1,Adult,Female,Leg,,,15,,5,,,,,,,,,,,
S1,1,Adult,Female,Belly,,,11,1,1,,,,,,,,,,,
S1,1,Adult,Female,Head,,,3,1,1,,,,,,,,,,,
S1,1,Adult,Female,Tail,,,11,1,,,,,,,,,,,,
S1,1,Adult,Female,Neck,,,,,,,,,,,,,,,,
S1,1,Adult,Female,Shoulder,,,,,,,,,,,,,,,,
S1,1,Adult,Male,Leg,,,,,,,,,,,,,,,,
S1,1,Adult,Male,Belly,,,,,,,,,,,,,,,,
S1,1,Adult,Male,Head,,,,,,1,,,,,,,,,,
S1,1,Adult,Male,Tail,1,,1,1,1,,,,,,,,,,,
S1,1,Adult,Male,Neck,,,,,,,,,,,,,,,,
S1,1,Adult,Male,Shoulder,,,,,,,,,,,,,,,,
S1,1,Nymph,Female,Leg,,,,,,,,,,,,,,,,
S1,1,Nymph,Female,Belly,,,,1,,,,,,,,,,,,
S1,1,Nymph,Female,Head,,,3,,1,,,,,,,,,,,
S1,1,Nymph,Female,Tail,,,2,,1,,,,,,,,,,,
S1,1,Nymph,Female,Neck,,,,,,,,,,,,,,,,
S1,1,Nymph,Female,Shoulder,,,,,,,,,,,,,,,,
S1,1,Nymph,Male,Leg,,,,,,,,,,,,,,,,
S1,1,Nymph,Male,Belly,,,,,,,,,,,,,,,,
S1,1,Nymph,Male,Head,,,,2,,,,,,,,,,,,
S1,1,Nymph,Male,Tail,,,,,10,,,,,,,,,,,
S1,1,Nymph,Male,Neck,,,,,,,,,,,,,,,,
S1,1,Nymph,Male,Shoulder,,,,,,,,,,,,,,,,
S1,2,Adult,Female,Leg,,,18,6,2,,,,,,,,,,,
S1,2,Adult,Female,Belly,,,8,,,,,,,,,,,,,
S1,2,Adult,Female,Head,,,3,,,,,,,,,,,,,
S1,2,Adult,Female,Tail,,,6,,,,,,,,,,3,,,
S1,2,Adult,Female,Neck,,,,,,,,,,,,,,,,
S1,2,Adult,Female,Shoulder,,,,,,,,,,,,,,,,
S1,2,Adult,Male,Leg,,,,,,,,,,,,,,,,
S1,2,Adult,Male,Belly,,,,,,,,,,,,,,,,
S1,2,Adult,Male,Head,,,,,,,,,,,,,,,,
S1,2,Adult,Male,Tail,,,,,,2,,,,,2,,,1,,
S1,2,Adult,Male,Neck,,,,,,,,,,,,,,,,
S1,2,Adult,Male,Shoulder,,,,,,,,,,,,,,,,
S1,2,Nymph,Female,Leg,,,,,,,,,,,,,,,,
S1,2,Nymph,Female,Belly,,,,,,,,,,,,,,,,
S1,2,Nymph,Female,Head,,,,,,,,,,,,,,,,
S1,2,Nymph,Female,Tail,,,,,,,,,,,,,,,,
S1,2,Nymph,Female,Neck,,,,,,,,,,,,,,,,
S1,2,Nymph,Female,Shoulder,,,,,,,,,,,,,,,,
S1,2,Nymph,Male,Leg,,,,,,,,,,,,,,,,
S1,2,Nymph,Male,Belly,,,,,,,,,,,,,,,,
S1,2,Nymph,Male,Head,,,,,,,,,,,,,,,,
S1,2,Nymph,Male,Tail,,,,,,,,,,,,,,,,
S1,2,Nymph,Male,Neck,,,,,,,,,,,,,,,,
S1,2,Nymph,Male,Shoulder,,,,,,,,,,,,,,,,
S1,3,Adult,Female,Leg,,,14,,1,,,,,,,,,,,
S1,3,Adult,Female,Belly,,,15,1,1,,,,,,,,,,,
S1,3,Adult,Female,Head,,,10,,,,,,,,,,,,,
S1,3,Adult,Female,Tail,,,1,,,,,,,,,,,,,
S1,3,Adult,Female,Neck,,,,,,,,,,,,,,,,
S1,3,Adult,Female,Shoulder,,,,,,,,,,,,,,,,
S1,3,Adult,Male,Leg,1,,,,,,,,1,,,,,,,
S1,3,Adult,Male,Belly,1,,,,,,,,,,,,,,,
S1,3,Adult,Male,Head,,,,,,,,,,1,,,,,,
S1,3,Adult,Male,Tail,,,,,,,,,,,,,,,,
S1,3,Adult,Male,Neck,,,,,,,,,,,,,,,,
S1,3,Adult,Male,Shoulder,,,,,,,,,,,,,,,,
S1,3,Nymph,Female,Leg,,,,,,,,,,,,,,,,
S1,3,Nymph,Female,Belly,,,,,,,,,,,,,,,,
S1,3,Nymph,Female,Head,,,,,,,,,,,,,,,,
S1,3,Nymph,Female,Tail,,,,,,,,,,,,,,,,
S1,3,Nymph,Female,Neck,,,,,,,,,,,,,,,,
S1,3,Nymph,Female,Shoulder,,,,,,,,,,,,,,,,
S1,3,Nymph,Male,Leg,,,,,1,,,,,,,,,,,
S1,3,Nymph,Male,Belly,,,,,,,,,,,,,,,,
S1,3,Nymph,Male,Head,,,,,,,,,,,,,,,,
S1,3,Nymph,Male,Tail,,,,,,,,,,,,,,,,
S1,3,Nymph,Male,Neck,,,,,,,,,,,,,,,,
S1,3,Nymph,Male,Shoulder,,,,,,,,,,,,,,,,
S1,4,Adult,Female,Leg,,,8,,1,,,,,,,,,,,
S1,4,Adult,Female,Belly,,,2,,3,,,,,,,,,,,
S1,4,Adult,Female,Head,,,2,,1,,,,,,,,,,,
S1,4,Adult,Female,Tail,,,3,,1,,,,,,,,,,,
S1,4,Adult,Female,Neck,,,5,,5,,,,,,,,,,,
S1,4,Adult,Female,Shoulder,,,,,,,,,,,,,,,,
S1,4,Adult,Male,Leg,,,,,,,,,,,,,,,,
S1,4,Adult,Male,Belly,,,,,,,,,,,,,,,,
S1,4,Adult,Male,Head,,,,,,,,,,,,,,,,
S1,4,Adult,Male,Tail,2,,,,,,,,,,,,,,,
S1,4,Adult,Male,Neck,,,,,,,,,,,,,,,,
S1,4,Adult,Male,Shoulder,,,,,,,,,,,,,,,,
S1,4,Nymph,Female,Leg,,,,,,,,,,,,,,,,
S1,4,Nymph,Female,Belly,,,3,,,,,,,,,,,,,
S1,4,Nymph,Female,Head,,,,,,,,,,,,,,,,
S1,4,Nymph,Female,Tail,,,1,,,,,,,,,,,,,
S1,4,Nymph,Female,Neck,,,1,,1,,,,,,,,,,,
S1,4,Nymph,Female,Shoulder,,,,,,,,,,,,,,,,
S1,4,Nymph,Male,Leg,,,,,,,,,,,,,,,,
S1,4,Nymph,Male,Belly,,,,,,,,,,,,,,,,
S1,4,Nymph,Male,Head,,,,,2,,,,,,,,,,,
S1,4,Nymph,Male,Tail,,,,,,,,,,,,,,,,
S1,4,Nymph,Male,Neck,,,,,,,,,,,,,,,,
S1,4,Nymph,Male,Shoulder,,,,,,,,,,,,,,,,
S1,5,Adult,Female,Leg,,,,,,,,,,,,,,,,
S1,5,Adult,Female,Belly,,,,,,,,,,,,,,,,
S1,5,Adult,Female,Head,,,,,,,,,,,,,,,,
S1,5,Adult,Female,Tail,1,,13,,,,,,,,,,,,,
S1,5,Adult,Female,Neck,,,,,,,,,,,,,,,,
S1,5,Adult,Female,Shoulder,,,,,,,,,,,,,,,,
S1,5,Adult,Male,Leg,,,,,,,,,,,,,,,,
S1,5,Adult,Male,Belly,,,,,,,,,,,,,,,,
S1,5,Adult,Male,Head,,,,,,,,,,,,,,,,
S1,5,Adult,Male,Tail,3,,,1,,,,,,,,,,,,
S1,5,Adult,Male,Neck,,,,,,,,,,,,,,,,
S1,5,Adult,Male,Shoulder,,,,,,,,,,,,,,,,
S1,5,Nymph,Female,Leg,,,,,,,,,,,,,,,,
S1,5,Nymph,Female,Belly,,,,,,,,,,,,,,,,
S1,5,Nymph,Female,Head,,,,,,,,,,,,,,,,
S1,5,Nymph,Female,Tail,,,1,,,,,,,,,,,,,
S1,5,Nymph,Female,Neck,,,,,,,,,,,,,,,,
S1,5,Nymph,Female,Shoulder,,,,,,,,,,,,,,,,
S1,5,Nymph,Male,Leg,,,,,,,,,,,,,,,,
S1,5,Nymph,Male,Belly,,,,,,,,,,,,,,,,
S1,5,Nymph,Male,Head,,,,,,,,,,,,,,,,
S1,5,Nymph,Male,Tail,,,,,,,,,,,,,,,,
S1,5,Nymph,Male,Neck,,,,,,,,,,,,,,,,
S1,5,Nymph,Male,Shoulder,,,,,,,,,,,,,,,,
S1,6,Adult,Female,Leg,,,6,5,4,,,,,,,,,,,
S1,6,Adult,Female,Belly,,,,,,,,,,,,,,,,
S1,6,Adult,Female,Head,,,1,1,2,,,2,,,,,,,,
S1,6,Adult,Female,Tail,,,4,3,,,,,,,,,,,,
S1,6,Adult,Female,Neck,,,5,,7,,,,,,,,,,,
S1,6,Adult,Female,Shoulder,,,,,,,,,,,,,,,,
S1,6,Adult,Male,Leg,,,,,,,,,,,,,,,,
S1,6,Adult,Male,Belly,,,,,,,,,,,,,,,,
S1,6,Adult,Male,Head,,,,,,,,,,,,,,1,,
S1,6,Adult,Male,Tail,,,,,,,,,,,,,,,,
S1,6,Adult,Male,Neck,,,,,,,,,,,,,,,,
S1,6,Adult,Male,Shoulder,,,,,,,,,,,,,,,,
S1,6,Nymph,Female,Leg,,,,1,,,,,,,,,,,,
S1,6,Nymph,Female,Belly,,,,,,,,,,,,,,,,
S1,6,Nymph,Female,Head,,,10,,,,,,,,,,,,,
S1,6,Nymph,Female,Tail,,,2,,1,,,,,,,,,,,
S1,6,Nymph,Female,Neck,,,4,1,,,,,,,,,,,,
S1,6,Nymph,Female,Shoulder,,,,,,,,,,,,,,,,
S1,6,Nymph,Male,Leg,,,,,,,,,,,,,,,,
S1,6,Nymph,Male,Belly,,,,,,,,,,,,,,,,
S1,6,Nymph,Male,Head,,,10,,,,,,,,,,,,,
S1,6,Nymph,Male,Tail,,,2,,11,,,,,,,,,,,
S1,6,Nymph,Male,Neck,,,4,,1,,,,,,,,,,,
S1,6,Nymph,Male,Shoulder,,,,,,,,,,,,,,,,
S1,7,Adult,Female,Leg,2,1,1,,,,,,,,,,,,,
S1,7,Adult,Female,Belly,,,4,5,,,,,,,,,,,,
S1,7,Adult,Female,Head,,2,,1,,,,2,,,,,,,,
S1,7,Adult,Female,Tail,,,1,,,,,,,,,,,,,
S1,7,Adult,Female,Neck,,,,,,,,,,,,,,,,
S1,7,Adult,Female,Shoulder,,,,,,,,,,,,,,,,
S1,7,Adult,Male,Leg,3,,,,,,,,,,,,,,,
S1,7,Adult,Male,Belly,1,,,,,,,,,,,,,,,
S1,7,Adult,Male,Head,3,,,,,,1,,,,,,,,,
S1,7,Adult,Male,Tail,,,,,,,,,1,,,,,,,
S1,7,Adult,Male,Neck,,,,,,,,,,,,,,,,
S1,7,Adult,Male,Shoulder,,,,,,,,,,,,,,,,
S1,7,Nymph,Female,Leg,,,,,,,,,,,,,,,,
S1,7,Nymph,Female,Belly,,,1,,,,,,,,,,,,,
S1,7,Nymph,Female,Head,,,,,,,,,,,,,,,,
S1,7,Nymph,Female,Tail,,,,,,,,,,,,,,,,
S1,7,Nymph,Female,Neck,,,,,,,,,,,,,,,,
S1,7,Nymph,Female,Shoulder,,,,,,,,,,,,,,,,
S1,7,Nymph,Male,Leg,,,,,,,,,,,,,,,,
S1,7,Nymph,Male,Belly,,,,,,,,,,,,,,,,
S1,7,Nymph,Male,Head,,,,,,,,,,,,,,,,
S1,7,Nymph,Male,Tail,,,1,,,,,,,,,,,,,
S1,7,Nymph,Male,Neck,,,,,,,,,,,,,,,,
S1,7,Nymph,Male,Shoulder,,,,,,,,,,,,,,,,
S1,8,Adult,Female,Leg,,,10,6,,,,,,,,,,,,
S1,8,Adult,Female,Belly,,,10,,,,,,,,,,,,,
S1,8,Adult,Female,Head,,,3,1,1,,,,,,,,,,1,
S1,8,Adult,Female,Tail,,,5,2,1,,,,,,,,,,,
S1,8,Adult,Female,Neck,,,5,,4,,,,,,,,,,,
S1,8,Adult,Female,Shoulder,,,,,,,,,,,,,,,,
S1,8,Adult,Male,Leg,,,,,,,,,,,,,,,,
S1,8,Adult,Male,Belly,,,,,,,,,,,,,,,,
S1,8,Adult,Male,Head,,,,,,,,,,,,,,,,
S1,8,Adult,Male,Tail,,,,,,,,,,,,,,,,
S1,8,Adult,Male,Neck,,,,,,,,,,,,,,,,
S1,8,Adult,Male,Shoulder,,,,,,,,,,,,,,,,
S1,8,Nymph,Female,Leg,,,,,,,,,,,,,,,,
S1,8,Nymph,Female,Belly,,,,,,,,,,,,,,,,
S1,8,Nymph,Female,Head,,,,,,,,,,,,,,,,
S1,8,Nymph,Female,Tail,,,,,,,,,,,,,,,,
S1,8,Nymph,Female,Neck,,,1,,2,,,,,,,,,,,
S1,8,Nymph,Female,Shoulder,,,,,,,,,,,,,,,,
S1,8,Nymph,Male,Leg,,,1,,,,,,,,,,,,,
S1,8,Nymph,Male,Belly,,,4,,,,,,,,,,,,,
S1,8,Nymph,Male,Head,,,,,,,,,,,,,,,,
S1,8,Nymph,Male,Tail,,,1,,,,,,,,,,,,,
S1,8,Nymph,Male,Neck,,,,,,,,,,,,,,,,
S1,8,Nymph,Male,Shoulder,,,,,,,,,,,,,,,,
S1,9,Adult,Female,Leg,1,,16,8,,,,,,,,,,,,
S1,9,Adult,Female,Belly,,,8,10,,,,,,,,,,,,
S1,9,Adult,Female,Head,1,,6,4,,,,,,,,,,,,
S1,9,Adult,Female,Tail,,,1,2,,,,,,,,,,,,
S1,9,Adult,Female,Neck,,,,,,,,,,,,,,,,
S1,9,Adult,Female,Shoulder,,,,,,,,,,,,,,,,
S1,9,Adult,Male,Leg,1,,,,,,,,,,,,,,,
S1,9,Adult,Male,Belly,,,,,,,,,,,,,,,,1
S1,9,Adult,Male,Head,,,,,,,,,,,,,,,,
S1,9,Adult,Male,Tail,,,,,,,,,1,,,,,,,
S1,9,Adult,Male,Neck,,,,,,,,,,,,,,,,
S1,9,Adult,Male,Shoulder,,,,,,,,,,,,,,,,
S1,9,Nymph,Female,Leg,,,,,,,,,,,,,,,,
S1,9,Nymph,Female,Belly,,,,,,,,,,,,,,,,
S1,9,Nymph,Female,Head,,,,,,,,,,,,,,,,
S1,9,Nymph,Female,Tail,,,3,,,,,,,,,,,,,
S1,9,Nymph,Female,Neck,,,,,,,,,,,,,,,,
S1,9,Nymph,Female,Shoulder,,,,,,,,,,,,,,,,
S1,9,Nymph,Male,Leg,,,,,,,,,,,,,,,,
S1,9,Nymph,Male,Belly,,,,,,,,,,,,,,,,
S1,9,Nymph,Male,Head,,,,,,,,,,,,,,,,
S1,9,Nymph,Male,Tail,,,,,,,,,,,,,,,,
S1,9,Nymph,Male,Neck,,,,,,,,,,,,,,,,
S1,9,Nymph,Male,Shoulder,,,,,,,,,,,,,,,,
S1,10,Adult,Female,Leg,,,1,,,,,,,,,,,,,
S1,10,Adult,Female,Belly,,,4,,3,,,,,,,,,,,
S1,10,Adult,Female,Head,,,3,1,1,,,,,,,,,,,
S1,10,Adult,Female,Tail,,,,,,,,,,,,,,,,
S1,10,Adult,Female,Neck,,,,,,,,,,,,,,,,
S1,10,Adult,Female,Shoulder,,,,,,,,,,,,,,,,
S1,10,Adult,Male,Leg,,,,,,,,,,,,,,,,
S1,10,Adult,Male,Belly,1,,,,,,,,,,,,,,,
S1,10,Adult,Male,Head,,,,,,,,,,,,,,,,
S1,10,Adult,Male,Tail,,,,,,,,,,,,,,,,
S1,10,Adult,Male,Neck,,,,,,,,,,,,,,,,
S1,10,Adult,Male,Shoulder,,,,,,,,,,,,,,,,
S1,10,Nymph,Female,Leg,,,,,,,,,,,,,,,,
S1,10,Nymph,Female,Belly,,,,,,,,,,,,,,,,
S1,10,Nymph,Female,Head,,,,,,,,,,,,,,,,
S1,10,Nymph,Female,Tail,,,,,,,,,,,,,,,,
S1,10,Nymph,Female,Neck,,,,,,,,,,,,,,,,
S1,10,Nymph,Female,Shoulder,,,,,,,,,,,,,,,,
S1,10,Nymph,Male,Leg,,,,,,,,,,,,,,,,
S1,10,Nymph,Male,Belly,,,,,,,,,,,,,,,,
S1,10,Nymph,Male,Head,,,,,,,,,,,,,,,,
S1,10,Nymph,Male,Tail,,,,,,,,,,,,,,,,
S1,10,Nymph,Male,Neck,,,,,,,,,,,,,,,,
S1,10,Nymph,Male,Shoulder,,,,,,,,,,,,,,,,
S1,11,Adult,Female,Leg,,,5,1,,,,,,,,,,,,
S1,11,Adult,Female,Belly,,,,,,,,,,,,,,,,
S1,11,Adult,Female,Head,,,1,1,,,,,,,,,,,,
S1,11,Adult,Female,Tail,,,4,,2,,,,,,,,,,,
S1,11,Adult,Female,Neck,,,2,1,,,,,,,,,,,,
S1,11,Adult,Female,Shoulder,,,,,,,,,,,,,,,,
S1,11,Adult,Male,Leg,,,,,,,,,,,,,,,,
S1,11,Adult,Male,Belly,,,,,,,,,,,,,,,,
S1,11,Adult,Male,Head,,,,,,,,,,,,,,,,
S1,11,Adult,Male,Tail,,,,,,,,,,,,,,,,
S1,11,Adult,Male,Neck,,,,,,,,,,,,,,,,
S1,11,Adult,Male,Shoulder,,,,,,,,,,,,,,,,
S1,11,Nymph,Female,Leg,,,,,,,,,,,,,,,,
S1,11,Nymph,Female,Belly,,,,,,,,,,,,,,,,
S1,11,Nymph,Female,Head,,,,,,,,,,,,,,,,
S1,11,Nymph,Female,Tail,,,,,,,,,,,,,,,,
S1,11,Nymph,Female,Neck,,,,,,,,,,,,,,,,
S1,11,Nymph,Female,Shoulder,,,,,,,,,,,,,,,,
S1,11,Nymph,Male,Leg,,,,,,,,,,,,,,,,
S1,11,Nymph,Male,Belly,,,,,,,,,,,,,,,,
S1,11,Nymph,Male,Head,,,,,,,,,,,,,,,,
S1,11,Nymph,Male,Tail,,,,,,,,,,,,,,,,
S1,11,Nymph,Male,Neck,,,,,,,,,,,,,,,,
S1,11,Nymph,Male,Shoulder,,,,,,,,,,,,,,,,
S2,12,Adult,Female,Leg,,,,,4,,,,,,,,,,,
S2,12,Adult,Female,Belly,,,2,,4,,,,,,,,,,,
S2,12,Adult,Female,Head,,,1,2,1,,,,,,,,,,,
S2,12,Adult,Female,Tail,,,,,,,,,,,,,,,,
S2,12,Adult,Female,Neck,,,1,,4,,,,,,,,,,,
S2,12,Adult,Female,Shoulder,,,,,,,,,,,,,,,,
S2,12,Adult,Male,Leg,,,,,,,,,,,,,,,,
S2,12,Adult,Male,Belly,,,,,,,,,,,,,,,,
S2,12,Adult,Male,Head,,,,,,,1,,,,,,,,,
S2,12,Adult,Male,Tail,,,,,,,,,,,,,,,,
S2,12,Adult,Male,Neck,,,,,,,,,,,,,,,,
S2,12,Adult,Male,Shoulder,,,,,,,,,,,,,,,,
S2,12,Nymph,Female,Leg,,,,,,,,,,,,,,,,
S2,12,Nymph,Female,Belly,,,,,,,,,,,,,,,,
S2,12,Nymph,Female,Head,,,2,,,,,,,,,,,,,
S2,12,Nymph,Female,Tail,,,,,,,,,,,,,,,,
S2,12,Nymph,Female,Neck,,,,,,,,,,,,,,,,
S2,12,Nymph,Female,Shoulder,,,,,,,,,,,,,,,,
S2,12,Nymph,Male,Leg,,,,,,,,,,,,,,,,
S2,12,Nymph,Male,Belly,,,,,,,,,,,,,,,,
S2,12,Nymph,Male,Head,,,,,,,,,,,,,,,,
S2,12,Nymph,Male,Tail,,,,,,,,,,,,,,,,
S2,12,Nymph,Male,Neck,,,,,,,,,,,,,,,,
S2,12,Nymph,Male,Shoulder,,,,,,,,,,,,,,,,
S2,13,Adult,Female,Leg,,,,2,1,,,,,,,,,,,
S2,13,Adult,Female,Belly,,,4,,4,,,,,,,,,,,
S2,13,Adult,Female,Head,,,2,,2,,,,,,,,,,,
S2,13,Adult,Female,Tail,,,,,,,,,,,,,,,,
S2,13,Adult,Female,Neck,,,6,1,1,,,,,,,,,,,
S2,13,Adult,Female,Shoulder,,,,,,,,,,,,,,,,
S2,13,Adult,Male,Leg,,,,,,,,,,,,,,,,
S2,13,Adult,Male,Belly,,,,,,,,,,,,,,,,
S2,13,Adult,Male,Head,,,2,,,,,,,,,,,,,
S2,13,Adult,Male,Tail,,,,,,,,,,,,,,,,
S2,13,Adult,Male,Neck,,,,,,,,,,,,,,,,
S2,13,Adult,Male,Shoulder,,,,,,,,,,,,,,,,
S2,13,Nymph,Female,Leg,,,,,,,,,,,,,,,,
S2,13,Nymph,Female,Belly,,,,,,,,,,,,,,,,
S2,13,Nymph,Female,Head,,,,,,,,,,,,,,,,
S2,13,Nymph,Female,Tail,,,,,,,,,,,,,,,,
S2,13,Nymph,Female,Neck,,,,,,,,,,,,,,,,
S2,13,Nymph,Female,Shoulder,,,,,,,,,,,,,,,,
S2,13,Nymph,Male,Leg,,,,,,,,,,,,,,,,
S2,13,Nymph,Male,Belly,,,,,,,,,,,,,,,,
S2,13,Nymph,Male,Head,,,,,,,,,,,,,,,,
S2,13,Nymph,Male,Tail,,,,,,,,,,,,,,,,
S2,13,Nymph,Male,Neck,,,,,,,,,,,,,,,,
S2,13,Nymph,Male,Shoulder,,,,,,,,,,,,,,,,
S2,14,Adult,Female,Leg,,,1,1,,,,,,,,,,,,
S2,14,Adult,Female,Belly,,,5,8,,,,,,,,,,,,
S2,14,Adult,Female,Head,,,,2,,,,,,,,,,,,
S2,14,Adult,Female,Tail,,,,,,,,,,,,,,,,
S2,14,Adult,Female,Neck,,,,,,,,,,,,,,,,
S2,14,Adult,Female,Shoulder,,,,,,,,,,,,,,,,
S2,14,Adult,Male,Leg,,,2,,,,,,,,,,,,,
S2,14,Adult,Male,Belly,,,,,,,,,,,,,,,,
S2,14,Adult,Male,Head,,,,,,,,,,,,,,,,
S2,14,Adult,Male,Tail,,,,,,,,,,,,,,,,
S2,14,Adult,Male,Neck,,,,,,,,,,,,,,,,
S2,14,Adult,Male,Shoulder,,,,,,,,,,,,,,,,
S2,14,Nymph,Female,Leg,,,,,,,,,,,,,,,,
S2,14,Nymph,Female,Belly,,,,,,,,,,,,,,,,
S2,14,Nymph,Female,Head,,,,,,,,,,,,,,,,
S2,14,Nymph,Female,Tail,,,,,,,,,,,,,,,,
S2,14,Nymph,Female,Neck,,,,,,,,,,,,,,,,
S2,14,Nymph,Female,Shoulder,,,,,,,,,,,,,,,,
S2,14,Nymph,Male,Leg,,,,,,,,,,,,,,,,
S2,14,Nymph,Male,Belly,,,,,,,,,,,,,,,,
S2,14,Nymph,Male,Head,,,,,,,,,,,,,,,,
S2,14,Nymph,Male,Tail,,,,,,,,,,,,,,,,
S2,14,Nymph,Male,Neck,,,,,,,,,,,,,,,,
S2,14,Nymph,Male,Shoulder,,,,,,,,,,,,,,,,
S2,15,Adult,Female,Leg,,,3,3,,,,,,,,,,,,
S2,15,Adult,Female,Belly,,,3,1,1,,,,,,,,,,,
S2,15,Adult,Female,Head,,,,1,1,,,,,,,,,,,
S2,15,Adult,Female,Tail,,,4,4,,,,,,,,,,,,
S2,15,Adult,Female,Neck,,,3,3,,,,,,,,,,,,
S2,15,Adult,Female,Shoulder,,,,,,,,,,,,,,,,
S2,15,Adult,Male,Leg,,,1,,,,,,,,,,,,,
S2,15,Adult,Male,Belly,,,,,,,,,,,,,,,,
S2,15,Adult,Male,Head,,,3,,,,,,,,,,,,,
S2,15,Adult,Male,Tail,,,,,,,,,,,,,,,,
S2,15,Adult,Male,Neck,,,,,,,,,,,,,,,,
S2,15,Adult,Male,Shoulder,,,,,,,,,,,,,,,,
S2,15,Nymph,Female,Leg,,,,,,,,,,,,,,,,
S2,15,Nymph,Female,Belly,,,3,,,,,,,,,,,,,
S2,15,Nymph,Female,Head,,,,,,,,,,,,,,,,
S2,15,Nymph,Female,Tail,,,,,,,,,,,,,,,,
S2,15,Nymph,Female,Neck,,,,,,,,,,,,,,,,
S2,15,Nymph,Female,Shoulder,,,,,,,,,,,,,,,,
S2,15,Nymph,Male,Leg,,,,,,,,,,,,,,,,
S2,15,Nymph,Male,Belly,,,,,,,,,,,,,,,,
S2,15,Nymph,Male,Head,,,,,,,,,,,,,,,,
S2,15,Nymph,Male,Tail,,,,,,,,,,,,,,,,
S2,15,Nymph,Male,Neck,,,,,,,,,,,,,,,,
S2,15,Nymph,Male,Shoulder,,,,,,,,,,,,,,,,
S2,16,Adult,Female,Leg,,,,6,,,,,,,,,,,,
S2,16,Adult,Female,Belly,,,1,4,,,,,,,,,,,,
S2,16,Adult,Female,Head,,,1,2,,,,,,,,,,,,
S2,16,Adult,Female,Tail,,,2,3,,,,,,,,,,,,
S2,16,Adult,Female,Neck,,,3,5,4,,,,,,,,,,,
S2,16,Adult,Female,Shoulder,,,,,,,,,,,,,,,,
S2,16,Adult,Male,Leg,,,,,,,,,,,,,,,,
S2,16,Adult,Male,Belly,,,,,,,,,,,,,,,,
S2,16,Adult,Male,Head,,,,,,,,,,,,,,,,
S2,16,Adult,Male,Tail,,,,,,,,,,,,,,,,
S2,16,Adult,Male,Neck,,,,,,,,,,,,,,,,
S2,16,Adult,Male,Shoulder,,,,,,,,,,,,,,,,
S2,16,Nymph,Female,Leg,,,,,,,,,,,,,,,,
S2,16,Nymph,Female,Belly,,,,,,,,,,,,,,,,
S2,16,Nymph,Female,Head,,,,,,,,,,,,,,,,
S2,16,Nymph,Female,Tail,,,,,,,,,,,,,,,,
S2,16,Nymph,Female,Neck,,,,,,,,,,,,,,,,
S2,16,Nymph,Female,Shoulder,,,,,,,,,,,,,,,,
S2,16,Nymph,Male,Leg,,,,,,,,,,,,,,,,
S2,16,Nymph,Male,Belly,,,,,,,,,,,,,,,,
S2,16,Nymph,Male,Head,,,,,,,,,,,,,,,,
S2,16,Nymph,Male,Tail,,,,,,,,,,,,,,,,
S2,16,Nymph,Male,Neck,,,,,,,,,,,,,,,,
S2,16,Nymph,Male,Shoulder,,,,,,,,,,,,,,,,
S2,17,Adult,Female,Leg,,,6,7,,,,,,,,,,,,
S2,17,Adult,Female,Belly,,,6,2,,,,,,,,,,,,
S2,17,Adult,Female,Head,,,5,4,,,,,,,,,,,,
S2,17,Adult,Female,Tail,,,9,,,,,,,,,,,,,
S2,17,Adult,Female,Neck,,,7,5,,,,,,,,,,,,
S2,17,Adult,Female,Shoulder,,,,,,,,,,,,,,,,
S2,17,Adult,Male,Leg,,,,,,,,,,,,,,,,
S2,17,Adult,Male,Belly,,,,,,,,,,,,,,,,
S2,17,Adult,Male,Head,,,,,,,,,,,,,,,,
S2,17,Adult,Male,Tail,,,,,,,,,,,,,,,,
S2,17,Adult,Male,Neck,,,,,,,,,,,,,,,,
S2,17,Adult,Male,Shoulder,,,,,,,,,,,,,,,,
S2,17,Nymph,Female,Leg,,,,,,,,,,,,,,,,
S2,17,Nymph,Female,Belly,,,,,,,,,,,,,,,,
S2,17,Nymph,Female,Head,,,,,,,,,,,,,,,,
S2,17,Nymph,Female,Tail,,,,,,,,,,,,,,,,
S2,17,Nymph,Female,Neck,,,,,,,,,,,,,,,,
S2,17,Nymph,Female,Shoulder,,,,,,,,,,,,,,,,
S2,17,Nymph,Male,Leg,,,,,,,,,,,,,,,,
S2,17,Nymph,Male,Belly,,,,,,,,,,,,,,,,
S2,17,Nymph,Male,Head,,,,,,,,,,,,,,,,
S2,17,Nymph,Male,Tail,,,,,,,,,,,,,,,,
S2,17,Nymph,Male,Neck,,,,,,,,,,,,,,,,
S2,17,Nymph,Male,Shoulder,,,,,,,,,,,,,,,,
S2,18,Adult,Female,Leg,,,,,,,,,,,,,,,,
S2,18,Adult,Female,Belly,,,4,4,,,,,,,,,,,,
S2,18,Adult,Female,Head,,,1,3,2,,,,,,,,,,,
S2,18,Adult,Female,Tail,,,,,,,,,,,,,,,,
S2,18,Adult,Female,Neck,,,,4,3,,,,,,,,,,,
S2,18,Adult,Female,Shoulder,,,,,,,,,,,,,,,,
S2,18,Adult,Male,Leg,,,,,,,,,,,,,,,,
S2,18,Adult,Male,Belly,,,,,,,,,,,,,,,,
S2,18,Adult,Male,Head,,,,,,,,,,,,,,,,
S2,18,Adult,Male,Tail,,,,,,,,,,,,,,,,
S2,18,Adult,Male,Neck,,,,,,,,,,,,,,,,
S2,18,Adult,Male,Shoulder,,,,,,,,,,,,,,,,
S2,18,Nymph,Female,Leg,,,,,,,,,,,,,,,,
S2,18,Nymph,Female,Belly,,,,,,,,,,,,,,,,
S2,18,Nymph,Female,Head,,,,,,,,,,,,,,,,
S2,18,Nymph,Female,Tail,,,,,,,,,,,,,,,,
S2,18,Nymph,Female,Neck,,,,,,,,,,,,,,,,
S2,18,Nymph,Female,Shoulder,,,,,,,,,,,,,,,,
S2,18,Nymph,Male,Leg,,,,,,,,,,,,,,,,
S2,18,Nymph,Male,Belly,,,,,,,,,,,,,,,,
S2,18,Nymph,Male,Head,,,,,,,,,,,,,,,,
S2,18,Nymph,Male,Tail,,,,,,,,,,,,,,,,
S2,18,Nymph,Male,Neck,,,,,,,,,,,,,,,,
S2,18,Nymph,Male,Shoulder,,,,,,,,,,,,,,,,
S2,19,Adult,Female,Leg,,,,10,,,,,,,,,,,,
S2,19,Adult,Female,Belly,,,7,7,,,,,,,,,,,,
S2,19,Adult,Female,Head,,,,,,,,,,,,,,,,
S2,19,Adult,Female,Tail,,,6,,1,,,,,,,,,,,
S2,19,Adult,Female,Neck,,,,,,,,,,,,,,,,
S2,19,Adult,Female,Shoulder,,,,,,,,,,,,,,,,
S2,19,Adult,Male,Leg,,,,,,,,,,,,,,,,
S2,19,Adult,Male,Belly,,,,,,,,,,,,,,,,
S2,19,Adult,Male,Head,,,,,,,,,,,,,,,,
S2,19,Adult,Male,Tail,,,,,,,,,,,,,,,,
S2,19,Adult,Male,Neck,,,,,,,,,,,,,,,,
S2,19,Adult,Male,Shoulder,,,,,,,,,,,,,,,,
S2,19,Nymph,Female,Leg,,,,,,,,,,,,,,,,
S2,19,Nymph,Female,Belly,,,,,,,,,,,,,,,,
S2,19,Nymph,Female,Head,,,,,,,,,,,,,,,,
S2,19,Nymph,Female,Tail,,,,,,,,,,,,,,,,
S2,19,Nymph,Female,Neck,,,,,,,,,,,,,,,,
S2,19,Nymph,Female,Shoulder,,,,,,,,,,,,,,,,
S2,19,Nymph,Male,Leg,,,,,,,,,,,,,,,,
S2,19,Nymph,Male,Belly,,,,,,,,,,,,,,,,
S2,19,Nymph,Male,Head,,,,,,,,,,,,,,,,
S2,19,Nymph,Male,Tail,,,,,,,,,,,,,,,,
S2,19,Nymph,Male,Neck,,,,,,,,,,,,,,,,
S2,19,Nymph,Male,Shoulder,,,,,,,,,,,,,,,,
S2,20,Adult,Female,Leg,,,1,9,,,,,,,,,,,,
S2,20,Adult,Female,Belly,,,3,,2,,,,,,,,,,,
S2,20,Adult,Female,Head,,,3,,2,,,,,,,,,,,
S2,20,Adult,Female,Tail,,,2,6,2,,,,,,,,,,,
S2,20,Adult,Female,Neck,,,,3,2,,,,,,,,,,,
S2,20,Adult,Female,Shoulder,,,,,,,,,,,,,,,,
S2,20,Adult,Male,Leg,,,,,,,,,,,,,,,,
S2,20,Adult,Male,Belly,,,,,,,,,,,,,,,,
S2,20,Adult,Male,Head,,,,,,,,,,,,,,,,
S2,20,Adult,Male,Tail,1,,,,,,,,,,,,,,,
S2,20,Adult,Male,Neck,,,,,,,,,,,,,,,,
S2,20,Adult,Male,Shoulder,,,,,,,,,,,,,,,,
S2,20,Nymph,Female,Leg,,,,,,,,,,,,,,,,
S2,20,Nymph,Female,Belly,,,,,,,,,,,,,,,,
S2,20,Nymph,Female,Head,,,,,,,,,,,,,,,,
S2,20,Nymph,Female,Tail,,,,,,,,,,,,,,,,
S2,20,Nymph,Female,Neck,,,,,,,,,,,,,,,,
S2,20,Nymph,Female,Shoulder,,,,,,,,,,,,,,,,
S2,20,Nymph,Male,Leg,,,,,,,,,,,,,,,,
S2,20,Nymph,Male,Belly,,,,,,,,,,,,,,,,
S2,20,Nymph,Male,Head,,,,,,,,,,,,,,,,
S2,20,Nymph,Male,Tail,,,,,,,,,,,,,,,,
S2,20,Nymph,Male,Neck,,,,,,,,,,,,,,,,
S2,20,Nymph,Male,Shoulder,,,,,,,,,,,,,,,,
S2,21,Adult,Female,Leg,,,2,2,,,,,,,,,,,,
S2,21,Adult,Female,Belly,,,8,6,,,,,,,,,,,,
S2,21,Adult,Female,Head,,,3,3,3,,,,,,,,,,,
S2,21,Adult,Female,Tail,,,2,,3,,,,,,,,,,,
S2,21,Adult,Female,Neck,,,,,,,,,,,,,,,,
S2,21,Adult,Female,Shoulder,,,,,,,,,,,,,,,,
S2,21,Adult,Male,Leg,,,,,,,,,,,,,,,,
S2,21,Adult,Male,Belly,,,,,,,,,,,,,,,,
S2,21,Adult,Male,Head,,,4,,,,,,,,,,,,,
S2,21,Adult,Male,Tail,,,,,,,,,,,,,,,,
S2,21,Adult,Male,Neck,,,,,,,,,,,,,,,,
S2,21,Adult,Male,Shoulder,,,,,,,,,,,,,,,,
S2,21,Nymph,Female,Leg,,,,,,,,,,,,,,,,
S2,21,Nymph,Female,Belly,,,,,,,,,,,,,,,,
S2,21,Nymph,Female,Head,,,,,,,,,,,,,,,,
S2,21,Nymph,Female,Tail,,,,,,,,,,,,,,,,
S2,21,Nymph,Female,Neck,,,,,,,,,,,,,,,,
S2,21,Nymph,Female,Shoulder,,,,,,,,,,,,,,,,
S2,21,Nymph,Male,Leg,,,,,,,,,,,,,,,,
S2,21,Nymph,Male,Belly,,,,,,,,,,,,,,,,
S2,21,Nymph,Male,Head,,,,,,,,,,,,,,,,
S2,21,Nymph,Male,Tail,,,,,,,,,,,,,,,,
S2,21,Nymph,Male,Neck,,,,,,,,,,,,,,,,
S2,21,Nymph,Male,Shoulder,,,,,,,,,,,,,,,,
S2,22,Adult,Female,Leg,,,,3,4,,,,,,,,,,,
S2,22,Adult,Female,Belly,,,,4,3,,,,,,,,,,,
S2,22,Adult,Female,Head,,,1,5,2,,,,,,,,,,,
S2,22,Adult,Female,Tail,,,2,1,1,,,,,,,,,,,
S2,22,Adult,Female,Neck,1,,5,,3,,,,,,,,,,,
S2,22,Adult,Female,Shoulder,,,,,,,,,,,,,,,,
S2,22,Adult,Male,Leg,,,,,,,,,,,,,,,,
S2,22,Adult,Male,Belly,,,,,,,,,,,,,,,,
S2,22,Adult,Male,Head,,,,,,,,,,,,,,,,
S2,22,Adult,Male,Tail,,,,,,,,,,,,,,,,
S2,22,Adult,Male,Neck,,,,,,,,,,,,,,,,
S2,22,Adult,Male,Shoulder,,,,,,,,,,,,,,,,
S2,22,Nymph,Female,Leg,,,,,,,,,,,,,,,,
S2,22,Nymph,Female,Belly,,,2,,,,,,,,,,,,,
S2,22,Nymph,Female,Head,,,,,,,,,,,,,,,,
S2,22,Nymph,Female,Tail,,,,,,,,,,,,,,,,
S2,22,Nymph,Female,Neck,,,,,,,,,,,,,,,,
S2,22,Nymph,Female,Shoulder,,,,,,,,,,,,,,,,
S2,22,Nymph,Male,Leg,,,,,,,,,,,,,,,,
S2,22,Nymph,Male,Belly,,,1,,,,,,,,,,,,,
S2,22,Nymph,Male,Head,,,1,,,,,,,,,,,,,
S2,22,Nymph,Male,Tail,,,,,,,,,,,,,,,,
S2,22,Nymph,Male,Neck,,,,,,,,,,,,,,,,
S2,22,Nymph,Male,Shoulder,,,,,,,,,,,,,,,,
S2,23,Adult,Female,Leg,,,,3,5,,,,,,,,,,,
S2,23,Adult,Female,Belly,,,,,1,,,,,,,,,,,
S2,23,Adult,Female,Head,,,,3,10,,,,,,,,,,,
S2,23,Adult,Female,Tail,,,,3,,,,,,,,,,,,
S2,23,Adult,Female,Neck,,,,,,,,,,,,,,,,
S2,23,Adult,Female,Shoulder,,,,,,,,,,,,,,,,
S2,23,Adult,Male,Leg,,,,,,,,,,,,,,,,
S2,23,Adult,Male,Belly,,,,,,,,,,,,,,,,
S2,23,Adult,Male,Head,,,,,,,,,,,,,,,,
S2,23,Adult,Male,Tail,,,,,,,,,,,,,,,,
S2,23,Adult,Male,Neck,,,,,,,,,,,,,,,,
S2,23,Adult,Male,Shoulder,,,,,,,,,,,,,,,,
S2,23,Nymph,Female,Leg,,,,,,,,,,,,,,,,
S2,23,Nymph,Female,Belly,,,,,,,,,,,,,,,,
S2,23,Nymph,Female,Head,,,,,,,,,,,,,,,,
S2,23,Nymph,Female,Tail,,,,,,,,,,,,,,,,
S2,23,Nymph,Female,Neck,,,,,,,,,,,,,,,,
S2,23,Nymph,Female,Shoulder,,,,,,,,,,,,,,,,
S2,23,Nymph,Male,Leg,,,,,,,,,,,,,,,,
S2,23,Nymph,Male,Belly,,,1,,,,,,,,,,,,,
S2,23,Nymph,Male,Head,,,,,,,,,,,,,,,,
S2,23,Nymph,Male,Tail,,,1,,,,,,,,,,,,,
S2,23,Nymph,Male,Neck,,,,,,,,,,,,,,,,
S2,23,Nymph,Male,Shoulder,,,,,,,,,,,,,,,,
S2,24,Adult,Female,Leg,,,,,5,,,,,,,,,,,
S2,24,Adult,Female,Belly,,,1,2,2,,,,,,,,,,,
S2,24,Adult,Female,Head,,,,2,2,,,,,,,,,,,
S2,24,Adult,Female,Tail,,,,3,2,,,,,,,,,,,
S2,24,Adult,Female,Neck,,,2,,2,,,,,,,,,,,
S2,24,Adult,Female,Shoulder,,,,,,,,,,,,,,,,
S2,24,Adult,Male,Leg,,,,,,,,,,,,,,,,
S2,24,Adult,Male,Belly,,,,,,,,,,,,,,,,
S2,24,Adult,Male,Head,,,,,,,,,,,,,,,,
S2,24,Adult,Male,Tail,,,,,,,,,,,,,,,,
S2,24,Adult,Male,Neck,,,,,,,,,,,,,,,,
S2,24,Adult,Male,Shoulder,,,,,,,,,,,,,,,,
S2,24,Nymph,Female,Leg,,,,,,,,,,,,,,,,
S2,24,Nymph,Female,Belly,,,,,,,,,,,,,,,,
S2,24,Nymph,Female,Head,,,,,,,,,,,,,,,,
S2,24,Nymph,Female,Tail,,,,,,,,,,,,,,,,
S2,24,Nymph,Female,Neck,,,,,,,,,,,,,,,,
S2,24,Nymph,Female,Shoulder,,,,,,,,,,,,,,,,
S2,24,Nymph,Male,Leg,,,,,,,,,,,,,,,,
S2,24,Nymph,Male,Belly,,,,,,,,,,,,,,,,
S2,24,Nymph,Male,Head,,,,,,,,,,,,,,,,
S2,24,Nymph,Male,Tail,,,,,,,,,,,,,,,,
S2,24,Nymph,Male,Neck,,,,,,,,,,,,,,,,
S2,24,Nymph,Male,Shoulder,,,,,,,,,,,,,,,,
S2,25,Adult,Female,Leg,,,,2,,,,,,,,,,,,
S2,25,Adult,Female,Belly,,,,4,1,,,,,,,,,,,
S2,25,Adult,Female,Head,,,1,2,,,,,,,,,,,,
S2,25,Adult,Female,Tail,,,,,1,,,,,,,,,,,
S2,25,Adult,Female,Neck,,,8,6,,,,,,,,,,,,
S2,25,Adult,Female,Shoulder,,,,,,,,,,,,,,,,
S2,25,Adult,Male,Leg,,,,,,,,,,,,,,,,
S2,25,Adult,Male,Belly,,,,,,,,,,,,,,,,
S2,25,Adult,Male,Head,,,,,,,,,,,,,,,,
S2,25,Adult,Male,Tail,,,,,,,,,,,,,,,,
S2,25,Adult,Male,Neck,,,,,,,,,,,,,,,,
S2,25,Adult,Male,Shoulder,,,,,,,,,,,,,,,,
S2,25,Nymph,Female,Leg,,,8,,,,,,,,,,,,,
S2,25,Nymph,Female,Belly,,,14,,,,,,,,,,,,,
S2,25,Nymph,Female,Head,,,,,,,,,,,,,,,,
S2,25,Nymph,Female,Tail,,,10,,,,,,,,,,,,,
S2,25,Nymph,Female,Neck,,,,,,,,,,,,,,,,
S2,25,Nymph,Female,Shoulder,,,,,,,,,,,,,,,,
S2,25,Nymph,Male,Leg,,,1,,,,,,,,,,,,,
S2,25,Nymph,Male,Belly,,,2,,,,,,,,,,,,,
S2,25,Nymph,Male,Head,,,,,,,,,,,,,,,,
S2,25,Nymph,Male,Tail,,,4,,,,,,,,,,,,,
S2,25,Nymph,Male,Neck,,,3,1,,,,,,,,,,,,
S2,25,Nymph,Male,Shoulder,,,,,,,,,,,,,,,,
S2,26,Adult,Female,Leg,,,,,,,,,,,,,,,,
S2,26,Adult,Female,Belly,,,,,,,,,,,,,,,,
S2,26,Adult,Female,Head,,,,,,,,,,,,,,,,
S2,26,Adult,Female,Tail,,,,,,,,,,,,,,,,
S2,26,Adult,Female,Neck,,,2,,2,,,,,,,,,,,
S2,26,Adult,Female,Shoulder,,,,,,,,,,,,,,,,
S2,26,Adult,Male,Leg,,,,,,,,,,,,,,,,
S2,26,Adult,Male,Belly,,,,,,,,,,,,,,,,
S2,26,Adult,Male,Head,,,,,,,,,,,,,,,,
S2,26,Adult,Male,Tail,,,,,,,,,,,,,,,,
S2,26,Adult,Male,Neck,,,,,,,,,,,,,,,,
S2,26,Adult,Male,Shoulder,,,,,,,,,,,,,,,,
S2,26,Nymph,Female,Leg,,,,,,,,,,,,,,,,
S2,26,Nymph,Female,Belly,,,,,,,,,,,,,,,,
S2,26,Nymph,Female,Head,,,,,,,,,,,,,,,,
S2,26,Nymph,Female,Tail,,,,,,,,,,,,,,,,
S2,26,Nymph,Female,Neck,,,,,,,,,,,,,,,,
S2,26,Nymph,Female,Shoulder,,,,,,,,,,,,,,,,
S2,26,Nymph,Male,Leg,,,,,,,,,,,,,,,,
S2,26,Nymph,Male,Belly,,,,,,,,,,,,,,,,
S2,26,Nymph,Male,Head,,,,,,,,,,,,,,,,
S2,26,Nymph,Male,Tail,,,,,,,,,,,,,,,,
S2,26,Nymph,Male,Neck,,,,,,,,,,,,,,,,
S2,26,Nymph,Male,Shoulder,,,,,,,,,,,,,,,,
S2,27,Adult,Female,Leg,,,,,,,,,,,,,,,,
S2,27,Adult,Female,Belly,,,5,,2,,,,,,,,,,,
S2,27,Adult,Female,Head,,,1,4,3,,,,,,,,,,,
S2,27,Adult,Female,Tail,,,4,3,,,,,,,,,,,,
S2,27,Adult,Female,Neck,,,6,1,2,,,,,,,,,,,
S2,27,Adult,Female,Shoulder,,,,,,,,,,,,,,,,
S2,27,Adult,Male,Leg,,,,,,,,,,,,,,,,
S2,27,Adult,Male,Belly,,,,,,,,,,,,,,,,
S2,27,Adult,Male,Head,,,,,,,,,,,,,,,,
S2,27,Adult,Male,Tail,,,,,,,,,,,,,,,,
S2,27,Adult,Male,Neck,,,,,,,,,,,,,,,,
S2,27,Adult,Male,Shoulder,,,,,,,,,,,,,,,,
S2,27,Nymph,Female,Leg,,,,,,,,,,,,,,,,
S2,27,Nymph,Female,Belly,,,,,,,,,,,,,,,,
S2,27,Nymph,Female,Head,,,,,,,,,,,,,,,,
S2,27,Nymph,Female,Tail,,,,,,,,,,,,,,,,
S2,27,Nymph,Female,Neck,,,,,,,,,,,,,,,,
S2,27,Nymph,Female,Shoulder,,,,,,,,,,,,,,,,
S2,27,Nymph,Male,Leg,,,,,,,,,,,,,,,,
S2,27,Nymph,Male,Belly,,,,,,,,,,,,,,,,
S2,27,Nymph,Male,Head,,,,,,,,,,,,,,,,
S2,27,Nymph,Male,Tail,,,,,,,,,,,,,,,,
S2,27,Nymph,Male,Neck,,,,,,,,,,,,,,,,
S2,27,Nymph,Male,Shoulder,,,,,,,,,,,,,,,,
S2,28,Adult,Female,Leg,,,,,1,,,,,,,,,,,
S2,28,Adult,Female,Belly,,,11,,3,,,,,,,,,,,
S2,28,Adult,Female,Head,,,6,,2,,,,,,,,,,,
S2,28,Adult,Female,Tail,,,1,,4,,,,,,,,,,,
S2,28,Adult,Female,Neck,,,7,,2,,,,,,,,,,,
S2,28,Adult,Female,Shoulder,,,,,,,,,,,,,,,,
S2,28,Adult,Male,Leg,,,,,,,,,,,,,,,,
S2,28,Adult,Male,Belly,,,,,,,,,,,,,,,,
S2,28,Adult,Male,Head,,,,,,,,,,,,,,,,
S2,28,Adult,Male,Tail,,,,,,,,,,,,,,,,
S2,28,Adult,Male,Neck,,,,,,,,,,,,,,,,
S2,28,Adult,Male,Shoulder,,,,,,,,,,,,,,,,
S2,28,Nymph,Female,Leg,,,,,,,,,,,,,,,,
S2,28,Nymph,Female,Belly,,,,,,,,,,,,,,,,
S2,28,Nymph,Female,Head,,,,,,,,,,,,,,,,
S2,28,Nymph,Female,Tail,,,,,,,,,,,,,,,,
S2,28,Nymph,Female,Neck,,,,,,,,,,,,,,,,
S2,28,Nymph,Female,Shoulder,,,,,,,,,,,,,,,,
S2,28,Nymph,Male,Leg,,,,,,,,,,,,,,,,
S2,28,Nymph,Male,Belly,,,,,,,,,,,,,,,,
S2,28,Nymph,Male,Head,,,,,,,,,,,,,,,,
S2,28,Nymph,Male,Tail,,,,,,,,,,,,,,,,
S2,28,Nymph,Male,Neck,,,,,,,,,,,,,,,,
S2,28,Nymph,Male,Shoulder,,,,,,,,,,,,,,,,
S2,30,Adult,Female,Leg,,,,2,2,,,,,,,,,,,
S2,30,Adult,Female,Belly,,,4,2,2,,,,,,,,,,,
S2,30,Adult,Female,Head,,,4,2,,,,,,,,,,,,
S2,30,Adult,Female,Tail,,,,4,2,,,,,,,,,,,
S2,30,Adult,Female,Neck,,,3,2,1,,,,,,,,,,,
S2,30,Adult,Female,Shoulder,,,,,,,,,,,,,,,,
S2,30,Adult,Male,Leg,,,,,,,,,,,,,,,,
S2,30,Adult,Male,Belly,,,,,,,,,,,,,,,,
S2,30,Adult,Male,Head,,,,,,,,,,,,,,,,
S2,30,Adult,Male,Tail,,,,,,,,,,,,,,,,
S2,30,Adult,Male,Neck,,,,,,,,,,,,,,,,
S2,30,Adult,Male,Shoulder,,,,,,,,,,,,,,,,
S2,30,Nymph,Female,Leg,,,,,,,,,,,,,,,,
S2,30,Nymph,Female,Belly,,,,,,,,,,,,,,,,
S2,30,Nymph,Female,Head,,,,,,,,,,,,,,,,
S2,30,Nymph,Female,Tail,,,,,,,,,,,,,,,,
S2,30,Nymph,Female,Neck,,,,,,,,,,,,,,,,
S2,30,Nymph,Female,Shoulder,,,,,,,,,,,,,,,,
S2,30,Nymph,Male,Leg,,,,,,,,,,,,,,,,
S2,30,Nymph,Male,Belly,,,,,,,,,,,,,,,,
S2,30,Nymph,Male,Head,,,,,,,,,,,,,,,,
S2,30,Nymph,Male,Tail,,,,,,,,,,,,,,,,
S2,30,Nymph,Male,Neck,,,,,,,,,,,,,,,,
S2,30,Nymph,Male,Shoulder,,,,,,,,,,,,,,,,
S2,31,Adult,Female,Leg,,,,4,,,,,,,,,,,,
S2,31,Adult,Female,Belly,,,,,4,,,,,,,,,,,
S2,31,Adult,Female,Head,,,,2,4,,,,,,,,,,,
S2,31,Adult,Female,Tail,,,,,2,,,,,,,,,,,
S2,31,Adult,Female,Neck,,,,2,2,,,,,,,,,,,
S2,31,Adult,Female,Shoulder,,,,4,,,,,,,,,,,,
S2,31,Adult,Male,Leg,,,,,,,,,,,,,,,,
S2,31,Adult,Male,Belly,,,,,,,,,,,,,,,,
S2,31,Adult,Male,Head,,,,,,,,,,,,,,,,
S2,31,Adult,Male,Tail,,,,,,,,,,,,,,,,
S2,31,Adult,Male,Neck,,,,,,,,,,,,,,,,
S2,31,Adult,Male,Shoulder,,,,,,,,,,,,,,,,
S2,31,Nymph,Female,Leg,,,,,,,,,,,,,,,,
S2,31,Nymph,Female,Belly,,,,,,,,,,,,,,,,
S2,31,Nymph,Female,Head,,,,,,,,,,,,,,,,
S2,31,Nymph,Female,Tail,,,,,,,,,,,,,,,,
S2,31,Nymph,Female,Neck,,,,,,,,,,,,,,,,
S2,31,Nymph,Female,Shoulder,,,,,,,,,,,,,,,,
S2,31,Nymph,Male,Leg,,,,,,,,,,,,,,,,
S2,31,Nymph,Male,Belly,,,,,,,,,,,,,,,,
S2,31,Nymph,Male,Head,,,,,,,,,,,,,,,,
S2,31,Nymph,Male,Tail,,,,,,,,,,,,,,,,
S2,31,Nymph,Male,Neck,,,,,,,,,,,,,,,,
S2,31,Nymph,Male,Shoulder,,,,,,,,,,,,,,,,
S2,32,Adult,Female,Leg,,,1,1,1,,,,,,,,,,,
S2,32,Adult,Female,Belly,,,,1,1,,,,,,,,,,,
S2,32,Adult,Female,Head,,,,,,,,,,,,,,,,
S2,32,Adult,Female,Tail,,,,,,,,,,,,,,,,
S2,32,Adult,Female,Neck,,,1,1,,,,,,,,,,,,
S2,32,Adult,Female,Shoulder,,,,2,1,,,,,,,,,,,
S2,32,Adult,Male,Leg,,,,,,,,,,,,,,,,
S2,32,Adult,Male,Belly,,,,,,,,,,,,,,,,
S2,32,Adult,Male,Head,,,,,,,,,,,,,,,,
S2,32,Adult,Male,Tail,,,,,,,,,,,,,,,,
S2,32,Adult,Male,Neck,,,,,,,,,,,,,,,,
S2,32,Adult,Male,Shoulder,,,,,,,,,,,,,,,,
S2,32,Nymph,Female,Leg,,,,,,,,,,,,,,,,
S2,32,Nymph,Female,Belly,,,,,,,,,,,,,,,,
S2,32,Nymph,Female,Head,,,,,,,,,,,,,,,,
S2,32,Nymph,Female,Tail,,,,,,,,,,,,,,,,
S2,32,Nymph,Female,Neck,,,,,,,,,,,,,,,,
S2,32,Nymph,Female,Shoulder,,,,,,,,,,,,,,,,
S2,32,Nymph,Male,Leg,,,,,,,,,,,,,,,,
S2,32,Nymph,Male,Belly,,,,,,,,,,,,,,,,
S2,32,Nymph,Male,Head,,,,,,,,,,,,,,,,
S2,32,Nymph,Male,Tail,,,,,,,,,,,,,,,,
S2,32,Nymph,Male,Neck,,,,,,,,,,,,,,,,
S2,32,Nymph,Male,Shoulder,,,,,,,,,,,,,,,,
S2,34,Adult,Female,Leg,,,,2,2,,,,,,,,,,,
S2,34,Adult,Female,Belly,,,,2,,,,,,,,,,,,
S2,34,Adult,Female,Head,,,,,2,,,,,,,,,,,
S2,34,Adult,Female,Tail,,,,,,,,,,,,,,,,
S2,34,Adult,Female,Neck,,,,,,,,,,,,,,,,
S2,34,Adult,Female,Shoulder,,,,,,,,,,,,,,,,
S2,34,Adult,Male,Leg,,,,,,,,,,,,,,,,
S2,34,Adult,Male,Belly,,,,,,,,,,,,,,,,
S2,34,Adult,Male,Head,,,,,,,,,,,,,,,,
S2,34,Adult,Male,Tail,,,,,,,,,,,,,,,,
S2,34,Adult,Male,Neck,,,,,,,,,,,,,,,,
S2,34,Adult,Male,Shoulder,,,,,,,,,,,,,,,,
S2,34,Nymph,Female,Leg,,,,,,,,,,,,,,,,
S2,34,Nymph,Female,Belly,,,,,,,,,,,,,,,,
S2,34,Nymph,Female,Head,,,,,,,,,,,,,,,,
S2,34,Nymph,Female,Tail,,,,,,,,,,,,,,,,
S2,34,Nymph,Female,Neck,,,,,,,,,,,,,,,,
S2,34,Nymph,Female,Shoulder,,,,,,,,,,,,,,,,
S2,34,Nymph,Male,Leg,,,,,,,,,,,,,,,,
S2,34,Nymph,Male,Belly,,,,,,,,,,,,,,,,
S2,34,Nymph,Male,Head,,,,,,,,,,,,,,,,
S2,34,Nymph,Male,Tail,,,,,,,,,,,,,,,,
S2,34,Nymph,Male,Neck,,,,,,,,,,,,,,,,
S2,34,Nymph,Male,Shoulder,,,,,,,,,,,,,,,,
S2,35,Adult,Female,Leg,,,,,,,,,,,,,,,,
S2,35,Adult,Female,Belly,,,1,3,,,,,,,,,,,,
S2,35,Adult,Female,Head,,,,,,,,,,,,,,,,
S2,35,Adult,Female,Tail,,,,,,,,,,,,,,,,
S2,35,Adult,Female,Neck,,,1,,2,,,,,,,,,,,
S2,35,Adult,Female,Shoulder,,,,1,,,,,,,,,,,,
S2,35,Adult,Male,Leg,,,,,,,,,,,,,,,,
S2,35,Adult,Male,Belly,,,,,,,,,,,,,,,,
S2,35,Adult,Male,Head,,,,,,,,,,,,,,,,
S2,35,Adult,Male,Tail,,,,,,,,,,,,,,,,
S2,35,Adult,Male,Neck,,,,,,,,,,,,,,,,
S2,35,Adult,Male,Shoulder,,,,,,,,,,,,,,,,
S2,35,Nymph,Female,Leg,,,,,,,,,,,,,,,,
S2,35,Nymph,Female,Belly,,,,,,,,,,,,,,,,
S2,35,Nymph,Female,Head,,,,,,,,,,,,,,,,
S2,35,Nymph,Female,Tail,,,,,,,,,,,,,,,,
S2,35,Nymph,Female,Neck,,,,,,,,,,,,,,,,
S2,35,Nymph,Female,Shoulder,,,,,,,,,,,,,,,,
S2,35,Nymph,Male,Leg,,,,,,,,,,,,,,,,
S2,35,Nymph,Male,Belly,,,,,,,,,,,,,,,,
S2,35,Nymph,Male,Head,,,,,,,,,,,,,,,,
S2,35,Nymph,Male,Tail,,,,,,,,,,,,,,,,
S2,35,Nymph,Male,Neck,,,,,,,,,,,,,,,,
S2,35,Nymph,Male,Shoulder,,,,,,,,,,,,,,,,
S2,36,Adult,Female,Leg,,,3,2,,,,,,,,,,,,
S2,36,Adult,Female,Belly,,,,,,,,,,,,,,,,
S2,36,Adult,Female,Head,,,,1,2,,,,,,,,,,,
S2,36,Adult,Female,Tail,,,,1,,,,,,,,,,,,
S2,36,Adult,Female,Neck,,,,,,,,,,,,,,,,
S2,36,Adult,Female,Shoulder,,,,,1,,,,,,,,,,,
S2,36,Adult,Male,Leg,,,,,,,,,,,,,,,,
S2,36,Adult,Male,Belly,,,,,,,,,,,,,,,,
S2,36,Adult,Male,Head,,,,,,,,,,,,,,,,
S2,36,Adult,Male,Tail,,,,,,,,,,,,,,,,
S2,36,Adult,Male,Neck,,,,,,,,,,,,,,,,
S2,36,Adult,Male,Shoulder,,,,,,,,,,,,,,,,
S2,36,Nymph,Female,Leg,,,,,,,,,,,,,,,,
S2,36,Nymph,Female,Belly,,,,,,,,,,,,,,,,
S2,36,Nymph,Female,Head,,,,,,,,,,,,,,,,
S2,36,Nymph,Female,Tail,,,,,,,,,,,,,,,,
S2,36,Nymph,Female,Neck,,,,,,,,,,,,,,,,
S2,36,Nymph,Female,Shoulder,,,,,,,,,,,,,,,,
S2,36,Nymph,Male,Leg,,,,,,,,,,,,,,,,
S2,36,Nymph,Male,Belly,,,,,,,,,,,,,,,,
S2,36,Nymph,Male,Head,,,,,,,,,,,,,,,,
S2,36,Nymph,Male,Tail,,,,,,,,,,,,,,,,
S2,36,Nymph,Male,Neck,,,2,,,,,,,,,,,,,
S2,36,Nymph,Male,Shoulder,,,,,,,,,,,,,,,,
S2,38,Adult,Female,Leg,,,,2,3,,,,,,,,,,,
S2,38,Adult,Female,Belly,,,,1,1,,,,,,,,,,,
S2,38,Adult,Female,Head,,,,2,3,,,,,,,,,,,
S2,38,Adult,Female,Tail,,,1,,,,,,,,,,,,,
S2,38,Adult,Female,Neck,,,,,1,,,,,,,,,,,
S2,38,Adult,Female,Shoulder,,,1,,,,,,,,,,,,,
S2,38,Adult,Male,Leg,,,,,,,,,,,,,,,,
S2,38,Adult,Male,Belly,,,,,,,,,,,,,,,,
S2,38,Adult,Male,Head,,,,,,,,,,,,,,,,
S2,38,Adult,Male,Tail,,,,,,,,,,,,,,,,
S2,38,Adult,Male,Neck,,,,,,,,,,,,,,,,
S2,38,Adult,Male,Shoulder,,,,,,,,,,,,,,,,
S2,38,Nymph,Female,Leg,,,,,,,,,,,,,,,,
S2,38,Nymph,Female,Belly,,,,,,,,,,,,,,,,
S2,38,Nymph,Female,Head,,,,,,,,,,,,,,,,
S2,38,Nymph,Female,Tail,,,,,,,,,,,,,,,,
S2,38,Nymph,Female,Neck,,,,,,,,,,,,,,,,
S2,38,Nymph,Female,Shoulder,,,,,,,,,,,,,,,,
S2,38,Nymph,Male,Leg,,,,,,,,,,,,,,,,
S2,38,Nymph,Male,Belly,,,,,,,,,,,,,,,,
S2,38,Nymph,Male,Head,,,,,,,,,,,,,,,,
S2,38,Nymph,Male,Tail,,,,,,,,,,,,,,,,
S2,38,Nymph,Male,Neck,,,,,,,,,,,,,,,,
S2,38,Nymph,Male,Shoulder,,,,,,,,,,,,,,,,
S2,40,Adult,Female,Leg,,,,,3,,,,,,,,,,,
S2,40,Adult,Female,Belly,,,,3,,,,,,,,,,,,
S2,40,Adult,Female,Head,,,,,1,,,,,,,,,,,
S2,40,Adult,Female,Tail,,,,,,,,,,,,,,,,
S2,40,Adult,Female,Neck,,,,,1,,,,,,,,,,,
S2,40,Adult,Female,Shoulder,,,,3,,,,,,,,,,,,
S2,40,Adult,Male,Leg,,,,,,,,,,,,,,,,
S2,40,Adult,Male,Belly,,,,,,,,,,,,,,,,
S2,40,Adult,Male,Head,,,,,,,,,,,,,,,,
S2,40,Adult,Male,Tail,,,,,,,,,,,,,,,,
S2,40,Adult,Male,Neck,,,,,,,,,,,,,,,,
S2,40,Adult,Male,Shoulder,,,,,,,,,,,,,,,,
S2,40,Nymph,Female,Leg,,,,,,,,,,,,,,,,
S2,40,Nymph,Female,Belly,,,,,,,,,,,,,,,,
S2,40,Nymph,Female,Head,,,,,,,,,,,,,,,,
S2,40,Nymph,Female,Tail,,,,,,,,,,,,,,,,
S2,40,Nymph,Female,Neck,,,,,,,,,,,,,,,,
S2,40,Nymph,Female,Shoulder,,,,,,,,,,,,,,,,
S2,40,Nymph,Male,Leg,,,,,,,,,,,,,,,,
S2,40,Nymph,Male,Belly,,,,,,,,,,,,,,,,
S2,40,Nymph,Male,Head,,,,,,,,,,,,,,,,
S2,40,Nymph,Male,Tail,,,,,,,,,,,,,,,,
S2,40,Nymph,Male,Neck,,,,,,,,,,,,,,,,
S2,40,Nymph,Male,Shoulder,,,,,,,,,,,,,,,,
S2,41,Adult,Female,Leg,,,,2,,,,,,,,,,,,
S2,41,Adult,Female,Belly,,,,1,1,,,,,,,,,,,
S2,41,Adult,Female,Head,,,,1,,,,,,,,,,,,
S2,41,Adult,Female,Tail,,,,1,,,,,,,,,,,,
S2,41,Adult,Female,Neck,,,,,1,,,,,,,,,,,
S2,41,Adult,Female,Shoulder,,,,,,,,,,,,,,,,
S2,41,Adult,Male,Leg,,,,,,,,,,,,,,,,
S2,41,Adult,Male,Belly,,,,,,,,,,,,,,,,
S2,41,Adult,Male,Head,,,,,,,,,,,,,,,,
S2,41,Adult,Male,Tail,,,,,,,,,,,,,,,,
S2,41,Adult,Male,Neck,,,,,,,,,,,,,,,,
S2,41,Adult,Male,Shoulder,,,,,,,,,,,,,,,,
S2,41,Nymph,Female,Leg,,,,,,,,,,,,,,,,
S2,41,Nymph,Female,Belly,,,,,,,,,,,,,,,,
S2,41,Nymph,Female,Head,,,,,,,,,,,,,,,,
S2,41,Nymph,Female,Tail,,,,,,,,,,,,,,,,
S2,41,Nymph,Female,Neck,,,,,,,,,,,,,,,,
S2,41,Nymph,Female,Shoulder,,,,,,,,,,,,,,,,
S2,41,Nymph,Male,Leg,,,,,,,,,,,,,,,,
S2,41,Nymph,Male,Belly,,,,,,,,,,,,,,,,
S2,41,Nymph,Male,Head,,,,,,,,,,,,,,,,
S2,41,Nymph,Male,Tail,,,,,,,,,,,,,,,,
S2,41,Nymph,Male,Neck,,,,,,,,,,,,,,,,
S2,41,Nymph,Male,Shoulder,,,,,,,,,,,,,,,,
S2,42,Adult,Female,Leg,,,,,,,,,,,,,,,,
S2,42,Adult,Female,Belly,,,,,,,,,,,,,,,,
S2,42,Adult,Female,Head,,,,2,,,,,,,,,,,,
S2,42,Adult,Female,Tail,,,,,,,,,,,,,,,,
S2,42,Adult,Female,Neck,,,,,,,,,,,,,,,,
S2,42,Adult,Female,Shoulder,,,,,,,,,,,,,,,,
S2,42,Adult,Male,Leg,,,,,,,,,,,,,,,,
S2,42,Adult,Male,Belly,,,,,,,,,,,,,,,,
S2,42,Adult,Male,Head,,,,,,,,,,,,,,,,
S2,42,Adult,Male,Tail,,,,,,,,,,,,,,,,
S2,42,Adult,Male,Neck,,,,,,,,,,,,,,,,
S2,42,Adult,Male,Shoulder,,,,,,,,,,,,,,,,
S2,42,Nymph,Female,Leg,,,,,,,,,,,,,,,,
S2,42,Nymph,Female,Belly,,,,,,,,,,,,,,,,
S2,42,Nymph,Female,Head,,,,,,,,,,,,,,,,
S2,42,Nymph,Female,Tail,,,,,,,,,,,,,,,,
S2,42,Nymph,Female,Neck,,,,,,,,,,,,,,,,
S2,42,Nymph,Female,Shoulder,,,,,,,,,,,,,,,,
S2,42,Nymph,Male,Leg,,,,,,,,,,,,,,,,
S2,42,Nymph,Male,Belly,,,,,,,,,,,,,,,,
S2,42,Nymph,Male,Head,,,,,,,,,,,,,,,,
S2,42,Nymph,Male,Tail,,,,,,,,,,,,,,,,
S2,42,Nymph,Male,Neck,,,,,,,,,,,,,,,,
S2,42,Nymph,Male,Shoulder,,,,,,,,,,,,,,,,
S2,43,Adult,Female,Leg,,,,2,,,,,,,,,,,,
S2,43,Adult,Female,Belly,,,,,,,,,,,,,,,,
S2,43,Adult,Female,Head,,,,1,2,,,,,,,,,,,
S2,43,Adult,Female,Tail,,,,,,,,,,,,,,,,
S2,43,Adult,Female,Neck,,,,2,,,,,,,,,,,,
S2,43,Adult,Female,Shoulder,,,,,,,,,,,,,,,,
S2,43,Adult,Male,Leg,,,,,,,,,,,,,,,,
S2,43,Adult,Male,Belly,,,,,,,,,,,,,,,,
S2,43,Adult,Male,Head,,,,,,,,,,,,,,,,
S2,43,Adult,Male,Tail,,,,,,,,,,,,,,,,
S2,43,Adult,Male,Neck,,,,,,,,,,,,,,,,
S2,43,Adult,Male,Shoulder,,,,,,,,,,,,,,,,
S2,43,Nymph,Female,Leg,,,,,,,,,,,,,,,,
S2,43,Nymph,Female,Belly,,,,,,,,,,,,,,,,
S2,43,Nymph,Female,Head,,,,,,,,,,,,,,,,
S2,43,Nymph,Female,Tail,,,,,,,,,,,,,,,,
S2,43,Nymph,Female,Neck,,,,,,,,,,,,,,,,
S2,43,Nymph,Female,Shoulder,,,,,,,,,,,,,,,,
S2,43,Nymph,Male,Leg,,,,,,,,,,,,,,,,
S2,43,Nymph,Male,Belly,,,,,,,,,,,,,,,,
S2,43,Nymph,Male,Head,,,,,,,,,,,,,,,,
S2,43,Nymph,Male,Tail,,,,,,,,,,,,,,,,
S2,43,Nymph,Male,Neck,,,,,,,,,,,,,,,,
S2,43,Nymph,Male,Shoulder,,,,,,,,,,,,,,,,
S2,44,Adult,Female,Leg,,,,4,2,,,,,,,,,,,
S2,44,Adult,Female,Belly,,,,,,,,,,,,,,,,
S2,44,Adult,Female,Head,,,,,,,,,,,,,,,,
S2,44,Adult,Female,Tail,,,,,,,,,,,,,,,,
S2,44,Adult,Female,Neck,,,,,,,,,,,,,,,,
S2,44,Adult,Female,Shoulder,,,,,,,,,,,,,,,,
S2,44,Adult,Male,Leg,,,,,,,,,,,,,,,,
S2,44,Adult,Male,Belly,,,,,,,,,,,,,,,,
S2,44,Adult,Male,Head,,,,,,,,,,,,,,,,
S2,44,Adult,Male,Tail,,,,,,,,,,,,,,,,
S2,44,Adult,Male,Neck,,,,,,,,,,,,,,,,
S2,44,Adult,Male,Shoulder,,,,,,,,,,,,,,,,
S2,44,Nymph,Female,Leg,,,,,,,,,,,,,,,,
S2,44,Nymph,Female,Belly,,,,,,,,,,,,,,,,
S2,44,Nymph,Female,Head,,,,,,,,,,,,,,,,
S2,44,Nymph,Female,Tail,,,,,,,,,,,,,,,,
S2,44,Nymph,Female,Neck,,,,,,,,,,,,,,,,
S2,44,Nymph,Female,Shoulder,,,,,,,,,,,,,,,,
S2,44,Nymph,Male,Leg,,,,,,,,,,,,,,,,
S2,44,Nymph,Male,Belly,,,,,,,,,,,,,,,,
S2,44,Nymph,Male,Head,,,,,,,,,,,,,,,,
S2,44,Nymph,Male,Tail,,,,,,,,,,,,,,,,
S2,44,Nymph,Male,Neck,,,,,,,,,,,,,,,,
S2,44,Nymph,Male,Shoulder,,,,,,,,,,,,,,,,
S2,46,Adult,Female,Leg,,,3,2,,,,,,,,,,,,
S2,46,Adult,Female,Belly,,,2,,1,,,,,,,,,,,
S2,46,Adult,Female,Head,,,1,2,,,,,,,,,,,,
S2,46,Adult,Female,Tail,,,,,4,,,,,,,,,,,
S2,46,Adult,Female,Neck,,,,,,,,,,,,,,,,
S2,46,Adult,Female,Shoulder,,,,1,1,,,,,,,,,,,
S2,46,Adult,Male,Leg,,,,,,,,,,,,,,,,
S2,46,Adult,Male,Belly,,,,,,,,,,,,,,,,
S2,46,Adult,Male,Head,,,,,,,,,,,,,,,,
S2,46,Adult,Male,Tail,,,,,,,,,,,,,,,,
S2,46,Adult,Male,Neck,,,,,,,,,,,,,,,,
S2,46,Adult,Male,Shoulder,,,,,,,,,,,,,,,,
S2,46,Nymph,Female,Leg,,,,,,,,,,,,,,,,
S2,46,Nymph,Female,Belly,,,,,,,,,,,,,,,,
S2,46,Nymph,Female,Head,,,,,,,,,,,,,,,,
S2,46,Nymph,Female,Tail,,,,,,,,,,,,,,,,
S2,46,Nymph,Female,Neck,,,,,,,,,,,,,,,,
S2,46,Nymph,Female,Shoulder,,,,,,,,,,,,,,,,
S2,46,Nymph,Male,Leg,,,,,,,,,,,,,,,,
S2,46,Nymph,Male,Belly,,,,,,,,,,,,,,,,
S2,46,Nymph,Male,Head,,,,,,,,,,,,,,,,
S2,46,Nymph,Male,Tail,,,,,,,,,,,,,,,,
S2,46,Nymph,Male,Neck,,,,,,,,,,,,,,,,
S2,46,Nymph,Male,Shoulder,,,,,,,,,,,,,,,,
S2,47,Adult,Female,Leg,,,,1,1,,,,,,,,,,,
S2,47,Adult,Female,Belly,,,,,,,,,,,,,,,,
S2,47,Adult,Female,Head,,,,,,,,,,,,,,,,
S2,47,Adult,Female,Tail,,,1,,1,,,,,,,,,,,
S2,47,Adult,Female,Neck,,,,,,,,,,,,,,,,
S2,47,Adult,Female,Shoulder,,,,,,,,,,,,,,,,
S2,47,Adult,Male,Leg,,,,,,,,,,,,,,,,
S2,47,Adult,Male,Belly,,,,,,,,,,,,,,,,
S2,47,Adult,Male,Head,,,,,,,,,,,,,,,,
S2,47,Adult,Male,Tail,,,,,,,,,,,,,,,,
S2,47,Adult,Male,Neck,,,,,,,,,,,,,,,,
S2,47,Adult,Male,Shoulder,,,,,,,,,,,,,,,,
S2,47,Nymph,Female,Leg,,,,,,,,,,,,,,,,
S2,47,Nymph,Female,Belly,,,,,,,,,,,,,,,,
S2,47,Nymph,Female,Head,,,,,,,,,,,,,,,,
S2,47,Nymph,Female,Tail,,,,,,,,,,,,,,,,
S2,47,Nymph,Female,Neck,,,,,,,,,,,,,,,,
S2,47,Nymph,Female,Shoulder,,,,,,,,,,,,,,,,
S2,47,Nymph,Male,Leg,,,,,,,,,,,,,,,,
S2,47,Nymph,Male,Belly,,,,,,,,,,,,,,,,
S2,47,Nymph,Male,Head,,,,,,,,,,,,,,,,
S2,47,Nymph,Male,Tail,,,,,,,,,,,,,,,,
S2,47,Nymph,Male,Neck,,,,,,,,,,,,,,,,
S2,47,Nymph,Male,Shoulder,,,,,,,,,,,,,,,,
S2,49,Adult,Female,Leg,,,,,,,,,,,,,,,,
S2,49,Adult,Female,Belly,,,,,3,,,,,,,,,,,
S2,49,Adult,Female,Head,,,,,,,,,,,,,,,,
S2,49,Adult,Female,Tail,,,,,,,,,,,,,,,,
S2,49,Adult,Female,Neck,,,,,,,,,,,,,,,,
S2,49,Adult,Female,Shoulder,,,,,,,,,,,,,,,,
S2,49,Adult,Male,Leg,,,,,,,,,,,,,,,,
S2,49,Adult,Male,Belly,,,,,,,,,,,,,,,,
S2,49,Adult,Male,Head,,,,,,,,,,,,,,,,
S2,49,Adult,Male,Tail,,,,,,,,,,,,,,,,
S2,49,Adult,Male,Neck,,,,,,,,,,,,,,,,
S2,49,Adult,Male,Shoulder,,,,,,,,,,,,,,,,
S2,49,Nymph,Female,Leg,,,,,,,,,,,,,,,,
S2,49,Nymph,Female,Belly,,,,,,,,,,,,,,,,
S2,49,Nymph,Female,Head,,,,,,,,,,,,,,,,
S2,49,Nymph,Female,Tail,,,,,,,,,,,,,,,,
S2,49,Nymph,Female,Neck,,,,,,,,,,,,,,,,
S2,49,Nymph,Female,Shoulder,,,,,,,,,,,,,,,,
S2,49,Nymph,Male,Leg,,,,,,,,,,,,,,,,
S2,49,Nymph,Male,Belly,,,,,,,,,,,,,,,,
S2,49,Nymph,Male,Head,,,,,,,,,,,,,,,,
S2,49,Nymph,Male,Tail,,,,,,,,,,,,,,,,
S2,49,Nymph,Male,Neck,,,,,,,,,,,,,,,,
S2,49,Nymph,Male,Shoulder,,,,,,,,,,,,,,,,
S2,50,Adult,Female,Leg,,,1,1,1,,,,,,,,,,,
S2,50,Adult,Female,Belly,,,1,1,,,,,,,,,,,,
S2,50,Adult,Female,Head,,,1,,1,,,,,,,,,,,
S2,50,Adult,Female,Tail,,,,2,,,,,,,,,,,,
S2,50,Adult,Female,Neck,,,1,1,,,,,,,,,,,,
S2,50,Adult,Female,Shoulder,,,,,,,,,,,,,,,,
S2,50,Adult,Male,Leg,,,,,,,,,,,,,,,,
S2,50,Adult,Male,Belly,,,,,,,,,,,,,,,,
S2,50,Adult,Male,Head,,,,,,,,,,,,,,,,
S2,50,Adult,Male,Tail,,,,,,,,,,,,,,,,
S2,50,Adult,Male,Neck,,,,,,,,,,,,,,,,
S2,50,Adult,Male,Shoulder,,,,,,,,,,,,,,,,
S2,50,Nymph,Female,Leg,,,,,,,,,,,,,,,,
S2,50,Nymph,Female,Belly,,,,,,,,,,,,,,,,
S2,50,Nymph,Female,Head,,,,,,,,,,,,,,,,
S2,50,Nymph,Female,Tail,,,,,,,,,,,,,,,,
S2,50,Nymph,Female,Neck,,,,,,,,,,,,,,,,
S2,50,Nymph,Female,Shoulder,,,,,,,,,,,,,,,,
S2,50,Nymph,Male,Leg,,,,,,,,,,,,,,,,
S2,50,Nymph,Male,Belly,,,,,,,,,,,,,,,,
S2,50,Nymph,Male,Head,,,,,,,,,,,,,,,,
S2,50,Nymph,Male,Tail,,,,,,,,,,,,,,,,
S2,50,Nymph,Male,Neck,,,,,,,,,,,,,,,,
S2,50,Nymph,Male,Shoulder,,,,,,,,,,,,,,,,
S3,51,Adult,Female,Leg,,,2,1,1,,,,,,,,,,,
S3,51,Adult,Female,Belly,,,1,1,3,,,,,,,,,,,
S3,51,Adult,Female,Head,,,,,,,1,,,,,,,,,
S3,51,Adult,Female,Tail,,,,,,,,,,,,,,,,
S3,51,Adult,Female,Neck,,,1,2,2,,,,,,,,,,,
S3,51,Adult,Female,Shoulder,,,,2,1,,2,,,,,,,,,
S3,51,Adult,Male,Leg,,,,,,,,,,,,,,,,
S3,51,Adult,Male,Belly,,,,,,,,,,,,,,,,
S3,51,Adult,Male,Head,,,,,,,,,,4,,,,,,
S3,51,Adult,Male,Tail,,,,,,,,,,,,,,,,
S3,51,Adult,Male,Neck,,,,,,,,,,1,,,,,,
S3,51,Adult,Male,Shoulder,,,,,,,,,,,,,,,,
S3,51,Nymph,Female,Leg,,,,,,,,,,,,,,,,
S3,51,Nymph,Female,Belly,,,,,,,,,,,,,,,,
S3,51,Nymph,Female,Head,,,,,,,,,,,,,,,,
S3,51,Nymph,Female,Tail,,,,,,,,,,,,,,,,
S3,51,Nymph,Female,Neck,,,,,,,,,,,,,,,,
S3,51,Nymph,Female,Shoulder,,,,,,,,,,,,,,,,
S3,51,Nymph,Male,Leg,,,,,,,,,,,,,,,,
S3,51,Nymph,Male,Belly,,,,,,,,,,,,,,,,
S3,51,Nymph,Male,Head,,,,,,,,,,2,,,,,,
S3,51,Nymph,Male,Tail,,,,,,,,,,,,,,,,
S3,51,Nymph,Male,Neck,,,,,,,,,,,,,,,,
S3,51,Nymph,Male,Shoulder,,,,,,,,,,,,,,,,
S3,52,Adult,Female,Leg,,,2,2,3,,,,,,,,,,,
S3,52,Adult,Female,Belly,,,,6,,,,,,,,,,,,
S3,52,Adult,Female,Head,,,,2,1,,1,,,,,,,,,
S3,52,Adult,Female,Tail,,,1,5,3,,,,,,,,,,,
S3,52,Adult,Female,Neck,,,,2,4,,,,,,,,,,,
S3,52,Adult,Female,Shoulder,,,,,,,,,,,,,,,,
S3,52,Adult,Male,Leg,,,,,,,,,,,,,,,,
S3,52,Adult,Male,Belly,,,,,,,,,,,,,,,,
S3,52,Adult,Male,Head,,,,,,,,,,1,,,,,,
S3,52,Adult,Male,Tail,,,,,,,,,,,,,,,,
S3,52,Adult,Male,Neck,,,,,,,,,,,,,,,,
S3,52,Adult,Male,Shoulder,,,,,,,,,,,,,,,,
S3,52,Nymph,Female,Leg,,,,,,,,,,,,,,,,
S3,52,Nymph,Female,Belly,,,,,,,,,,,,,,,,
S3,52,Nymph,Female,Head,,,,,,,,,,,,,,,,
S3,52,Nymph,Female,Tail,,,,,,,,,,,,,,,,
S3,52,Nymph,Female,Neck,,,,,,,,,,,,,,,,
S3,52,Nymph,Female,Shoulder,,,,,,,,,,,,,,,,
S3,52,Nymph,Male,Leg,,,,,,,,,,,,,,,,
S3,52,Nymph,Male,Belly,,,9,,,,,,,,,,,,,
S3,52,Nymph,Male,Head,,,,,,,,,,,,,,,,
S3,52,Nymph,Male,Tail,,,2,,,,,,,,,,,,,
S3,52,Nymph,Male,Neck,,,2,,,,,,,,,,,,,
S3,52,Nymph,Male,Shoulder,,,,,,,,,,,,,,,,
S3,53,Adult,Female,Leg,,1,,,3,,,,,,,,,,,
S3,53,Adult,Female,Belly,,,,6,2,,,,,,,,,,,
S3,53,Adult,Female,Head,,,,,1,,,,,,,,,,,
S3,53,Adult,Female,Tail,,,,,,,,,,,,,,,,
S3,53,Adult,Female,Neck,,,,,,,,,,,,,,,,
S3,53,Adult,Female,Shoulder,,,,,,,,,,,,,,,,
S3,53,Adult,Male,Leg,4,,,,,,,,,,,,,,,
S3,53,Adult,Male,Belly,,,,,,,,,,,,,,,,
S3,53,Adult,Male,Head,1,,,,,,,,,1,,,,,,
S3,53,Adult,Male,Tail,,,,,,,,,,,,,,,,
S3,53,Adult,Male,Neck,,,,,,,,,,,,,,,,
S3,53,Adult,Male,Shoulder,,,,,,,,,,,,,,,,
S3,53,Nymph,Female,Leg,,,,,,,,,,,,,,,,
S3,53,Nymph,Female,Belly,,,,,,,,,,,,,,,,
S3,53,Nymph,Female,Head,,,,,,,,,,,,,,,,
S3,53,Nymph,Female,Tail,,,,,,,,,,,,,,,,
S3,53,Nymph,Female,Neck,,,,,,,,,,,,,,,,
S3,53,Nymph,Female,Shoulder,,,,,,,,,,,,,,,,
S3,53,Nymph,Male,Leg,,,,,,,,,,,,,,,,
S3,53,Nymph,Male,Belly,,,,,,,,,,,,,,,,
S3,53,Nymph,Male,Head,,,,,,,,,,,,,,,,
S3,53,Nymph,Male,Tail,,,,,,,,,,,,,,,,
S3,53,Nymph,Male,Neck,,,,,,,,,,,,,,,,
S3,53,Nymph,Male,Shoulder,,,,,,,,,,,,,,,,
S3,54,Adult,Female,Leg,,,3,3,3,,,,,,,,,,,
S3,54,Adult,Female,Belly,,1,3,4,1,,,,,,,,,,,
S3,54,Adult,Female,Head,,,,,,,,,,,,,,,,
S3,54,Adult,Female,Tail,,,5,,,,,,,,,,,,,
S3,54,Adult,Female,Neck,,,6,,,,,,,,,,,,,
S3,54,Adult,Female,Shoulder,,,,,,,,,,,,,,,,
S3,54,Adult,Male,Leg,1,,,,,,,,,,,,,,,
S3,54,Adult,Male,Belly,,,,,,,,,,,,,,,,
S3,54,Adult,Male,Head,,,1,,,,,,1,,,,,,,
S3,54,Adult,Male,Tail,1,,,,,,,,,,,,,,,
S3,54,Adult,Male,Neck,,,,,,,,,,,,,,,,
S3,54,Adult,Male,Shoulder,,,,,,,,,,,,,,,,
S3,54,Nymph,Female,Leg,,,,,,,,,,,,,,,,
S3,54,Nymph,Female,Belly,,,,,,,,,,,,,,,,
S3,54,Nymph,Female,Head,,,,,,,,,,,,,,,,
S3,54,Nymph,Female,Tail,,,1,,,,,,,,,,,,,
S3,54,Nymph,Female,Neck,,,,,,,,,,,,,,,,
S3,54,Nymph,Female,Shoulder,,,,,,,,,,,,,,,,
S3,54,Nymph,Male,Leg,,,,,,,,,,,,,,,,
S3,54,Nymph,Male,Belly,,,1,,,,,,,,,,,,,
S3,54,Nymph,Male,Head,,,,,,,,,,1,,,,,,
S3,54,Nymph,Male,Tail,,,,,,,,,,,,,,,,
S3,54,Nymph,Male,Neck,,,,,,,,,,2,,,,,,
S3,54,Nymph,Male,Shoulder,,,,,,,,,,,,,,,,
S3,55,Adult,Female,Leg,,,3,,,,,,,,,,,,,
S3,55,Adult,Female,Belly,1,,1,1,,,,,,,,,,,,
S3,55,Adult,Female,Head,,,,1,,,,,,,,,,,,
S3,55,Adult,Female,Tail,,,,,,,,,,,,,,,,
S3,55,Adult,Female,Neck,,,,5,,,,,,,,,,,,
S3,55,Adult,Female,Shoulder,,,,,,,,,,,,,,,,
S3,55,Adult,Male,Leg,,,,,,,,,,,,,,,,
S3,55,Adult,Male,Belly,,,,,,,,,,,1,,,,,
S3,55,Adult,Male,Head,,,,,,,1,,1,1,,,,,,
S3,55,Adult,Male,Tail,,,,,,,,,,,,,,,,
S3,55,Adult,Male,Neck,,,,,,,,,,,1,,,,,
S3,55,Adult,Male,Shoulder,,,,,,,,,,,,,,,,
S3,55,Nymph,Female,Leg,,,,,,,,,,,,,,,,
S3,55,Nymph,Female,Belly,,,,,,,,,,,,,,,,
S3,55,Nymph,Female,Head,,,,,,,,,,,,,,,,
S3,55,Nymph,Female,Tail,,,,,,,,,,,,,,,,
S3,55,Nymph,Female,Neck,,,1,,,,,,1,,,,,,,
S3,55,Nymph,Female,Shoulder,,,,,,,,,,,,,,,,
S3,55,Nymph,Male,Leg,,,,,,,,1,,,,,,,,
S3,55,Nymph,Male,Belly,,,,,,,,,,,,,,,,
S3,55,Nymph,Male,Head,,,,,,,,1,,,,,,,,
S3,55,Nymph,Male,Tail,,,,,,,,,,,,,,,,
S3,55,Nymph,Male,Neck,,,,,,,,,,,,,,,,
S3,55,Nymph,Male,Shoulder,,,,,,,,,,,,,,,,
S3,56,Adult,Female,Leg,,,,,,,,,,,,,,,,
S3,56,Adult,Female,Belly,,,6,2,,,,,,,,,,,,
S3,56,Adult,Female,Head,,,3,1,,,,,,,,,,,,
S3,56,Adult,Female,Tail,,,8,,,,,,,,,,,,,
S3,56,Adult,Female,Neck,,,,2,,,,,,,,,,,,
S3,56,Adult,Female,Shoulder,,,,,,,,,,,,,,,,
S3,56,Adult,Male,Leg,,,,,,,,,,,,,,,,
S3,56,Adult,Male,Belly,,,,,,,,,,,,,,,,
S3,56,Adult,Male,Head,,,,,,,,,,,,,,,,
S3,56,Adult,Male,Tail,,,,,,,,5,,,,,,,,
S3,56,Adult,Male,Neck,1,,,,,,,,,,,,,,,
S3,56,Adult,Male,Shoulder,,,,,,,,,,,,,,,,
S3,56,Nymph,Female,Leg,,,,,,,,,,,,,,,,
S3,56,Nymph,Female,Belly,,,,,,,,,,,,,,,,
S3,56,Nymph,Female,Head,,,,,,,,,,,,,,,,
S3,56,Nymph,Female,Tail,,,,,,,,,,,,,,,,
S3,56,Nymph,Female,Neck,,,2,,,,,,,,,,,,,
S3,56,Nymph,Female,Shoulder,,,,4,,,,,,,,,,,,
S3,56,Nymph,Male,Leg,,,,,,,,,,,,,,,,
S3,56,Nymph,Male,Belly,,,,,,,,1,,,,,,,,
S3,56,Nymph,Male,Head,,,,,,,,,,,,,,,,
S3,56,Nymph,Male,Tail,,,,,,,,,,,,,,,,
S3,56,Nymph,Male,Neck,,,,,5,,,,,,,,,,,
S3,56,Nymph,Male,Shoulder,,,,,,,,,,,,,,,,
S3,57,Adult,Female,Leg,,,7,,,,,,,,,,,,,
S3,57,Adult,Female,Belly,,,7,,,,,,,,,,,,,
S3,57,Adult,Female,Head,,,4,2,,,,,,,,,,,,
S3,57,Adult,Female,Tail,,,6,3,,,,,,,,,,,,
S3,57,Adult,Female,Neck,,,,,,,,,,,,,,,,
S3,57,Adult,Female,Shoulder,,,,,,,,,,,,,,,,
S3,57,Adult,Male,Leg,,,,,,,,,,,,,,,,
S3,57,Adult,Male,Belly,,,,,,,,,,,,,,,,
S3,57,Adult,Male,Head,,,,,,,,,,,,,,,,
S3,57,Adult,Male,Tail,,,,,,,,,,,,,,,,
S3,57,Adult,Male,Neck,,,,,,,,,,,,,,,,
S3,57,Adult,Male,Shoulder,,,,,,,,,,,,,,,,
S3,57,Nymph,Female,Leg,,,,,,,,,,,,,,,,
S3,57,Nymph,Female,Belly,,,,,,,,,,,,,,,,
S3,57,Nymph,Female,Head,,,,,,,,,,,,,,,,
S3,57,Nymph,Female,Tail,,,,,,,,,,,,,,,,
S3,57,Nymph,Female,Neck,,,,,,,,,,,,,,,,
S3,57,Nymph,Female,Shoulder,,,,,1,,,,,,,,,,,
S3,57,Nymph,Male,Leg,,,,,,,,,,,,,,,,
S3,57,Nymph,Male,Belly,,,,,,,,,,,,,,,,
S3,57,Nymph,Male,Head,,,,,,,,,,,,,,,,
S3,57,Nymph,Male,Tail,,,,,,,,,,,,,,,,
S3,57,Nymph,Male,Neck,,,,,,,,,,,,,,,,
S3,57,Nymph,Male,Shoulder,,,2,,,,,,,,,,,,,
S3,58,Adult,Female,Leg,,,,,,,,,,,,,,,,
S3,58,Adult,Female,Belly,,,4,,3,,,,,,,,,,,
S3,58,Adult,Female,Head,,,3,,1,,,,2,,2,,,,,
S3,58,Adult,Female,Tail,,,8,1,1,,,,,,,,,,,
S3,58,Adult,Female,Neck,,,6,,,,,,,,,,,,,
S3,58,Adult,Female,Shoulder,,,,,,,,,,,,,,,,
S3,58,Adult,Male,Leg,,,,,,,,,,,,,,,,
S3,58,Adult,Male,Belly,,,,,,,,,,,,,,,,
S3,58,Adult,Male,Head,,,,,,,,,,,,,,,,
S3,58,Adult,Male,Tail,,,,,1,,,,,,,,,,,
S3,58,Adult,Male,Neck,,,,,,,,,,,,,,,,
S3,58,Adult,Male,Shoulder,,,,,,,,,,,,,,,,
S3,58,Nymph,Female,Leg,,,,,,,,,,,,,,,,
S3,58,Nymph,Female,Belly,,,,,,,,,,,,,,,,
S3,58,Nymph,Female,Head,,,,,,,,,,,,,,,,
S3,58,Nymph,Female,Tail,,,,,,,,,,,,,,,,
S3,58,Nymph,Female,Neck,,,,,1,,,,,,,,,,,
S3,58,Nymph,Female,Shoulder,,,,,,,,,,,,,,,,
S3,58,Nymph,Male,Leg,,,,,,,,,,,,,,,,
S3,58,Nymph,Male,Belly,,,1,1,,,,,,,,,,,,
S3,58,Nymph,Male,Head,,,,,,,,,,,,,,,,
S3,58,Nymph,Male,Tail,,,,,,,,,,,,,,,,
S3,58,Nymph,Male,Neck,,,,,,,,,,,,,,,,
S3,58,Nymph,Male,Shoulder,,,,,,,,,,,,,,,,
S3,59,Adult,Female,Leg,,,4,,1,,,,,,,,,,,
S3,59,Adult,Female,Belly,,,3,,,,,,,,,,,,,
S3,59,Adult,Female,Head,,,5,,,,,,1,,,,,,,
S3,59,Adult,Female,Tail,,,,1,,,,,,,,,,,,
S3,59,Adult,Female,Neck,,,2,3,1,,,,,,,,,,,
S3,59,Adult,Female,Shoulder,,,,,,,,,,,,,,,,
S3,59,Adult,Male,Leg,,,,,,,,,,,,,,,,
S3,59,Adult,Male,Belly,,,,,,,,,,,,,,,,
S3,59,Adult,Male,Head,,,,,,,,,,,,,,,,
S3,59,Adult,Male,Tail,1,,,,,,,,,,,,,,,
S3,59,Adult,Male,Neck,,,,,,,,,,,,,,,,
S3,59,Adult,Male,Shoulder,,,,,,,,,,,,,,,,
S3,59,Nymph,Female,Leg,,,,,,,,,,,,,,,,
S3,59,Nymph,Female,Belly,,,,,,,,,,,,,,,,
S3,59,Nymph,Female,Head,,,,,,,,,,,,,,,,
S3,59,Nymph,Female,Tail,,,2,,,,,,,,,,,,,
S3,59,Nymph,Female,Neck,,,,,,,,,,,,,,,,
S3,59,Nymph,Female,Shoulder,,,,,,,,,,,,,,,,
S3,59,Nymph,Male,Leg,,,,,,,,,,,,,,,,
S3,59,Nymph,Male,Belly,,,,,,,,,,,,,,,,
S3,59,Nymph,Male,Head,,,,,,,,,,,,,,,,
S3,59,Nymph,Male,Tail,,,1,,,,,,,,,,,,,
S3,59,Nymph,Male,Neck,,,,,,,,,,,,,,,,
S3,59,Nymph,Male,Shoulder,,,,,,,,,,,,,,,,
S3,60,Adult,Female,Leg,,,2,4,,,,,,,,,,,,
S3,60,Adult,Female,Belly,,,,5,,,,,,,,,,,,
S3,60,Adult,Female,Head,,,3,1,,,,,,,,,,,,
S3,60,Adult,Female,Tail,,1,2,,1,,,,,,,,,,,
S3,60,Adult,Female,Neck,,,1,1,,,,,,,,,,,,
S3,60,Adult,Female,Shoulder,,,,,,,,,,,,,,,,
S3,60,Adult,Male,Leg,1,,,,,,,,,,,,,,,
S3,60,Adult,Male,Belly,,,,,,,,,,,,,,,,
S3,60,Adult,Male,Head,,,,,,,,,,,,,,,,
S3,60,Adult,Male,Tail,,,,,,,,,,,,,,,,
S3,60,Adult,Male,Neck,,,,,,,,,,,,,,,,
S3,60,Adult,Male,Shoulder,,,,,,,,,,,,,,,,
S3,60,Nymph,Female,Leg,,,,,1,,,,,,,,,,,
S3,60,Nymph,Female,Belly,,,,,,,,,,,,,,,,
S3,60,Nymph,Female,Head,,,,1,1,,,,,,,,,,,
S3,60,Nymph,Female,Tail,,,,,,,,,,,,,,,,
S3,60,Nymph,Female,Neck,,,,,,,,,,,,,,,,
S3,60,Nymph,Female,Shoulder,,,,,,,,,,,,,,,,
S3,60,Nymph,Male,Leg,,,2,,,,,,,,,,,,,
S3,60,Nymph,Male,Belly,,,,,,,,,,,,,,,,
S3,60,Nymph,Male,Head,,,,,,,,,,,,,,,,
S3,60,Nymph,Male,Tail,,,,,,,,,,,,,,,,
S3,60,Nymph,Male,Neck,,,,,,,,,,,,,,,,
S3,60,Nymph,Male,Shoulder,,,,,,,,,,,,,,,,
S3,61,Adult,Female,Leg,,,,4,1,,,,,,,,,,,
S3,61,Adult,Female,Belly,,,,2,1,,,,,,,,,,,
S3,61,Adult,Female,Head,,,,1,1,,,,,,,,,,,
S3,61,Adult,Female,Tail,,,,,,,,2,,,,,,,,
S3,61,Adult,Female,Neck,,,,,,,,,,,,,,,,
S3,61,Adult,Female,Shoulder,,,,2,,,,,,,,,,,,
S3,61,Adult,Male,Leg,,,,,,,,,,,,,,,,
S3,61,Adult,Male,Belly,1,,,,,,,,,,,,,,,
S3,61,Adult,Male,Head,,,,,,,2,,,,,,,,,
S3,61,Adult,Male,Tail,,,,,,,2,,,,,,,,,
S3,61,Adult,Male,Neck,,,,,,,,,,,,,,,,
S3,61,Adult,Male,Shoulder,,,,,,,,,,,,,,,,
S3,61,Nymph,Female,Leg,,,,,,,,,,,,,,,,
S3,61,Nymph,Female,Belly,,,,,,,,,,,,,,,,
S3,61,Nymph,Female,Head,,,,,,,,,,,,,,,,
S3,61,Nymph,Female,Tail,,,,,,,,,,,,,,,,
S3,61,Nymph,Female,Neck,,,,,,,,,,,,,,,,
S3,61,Nymph,Female,Shoulder,,,,,,,,,,,,,,,,
S3,61,Nymph,Male,Leg,,,,,,,,,,,,,,,,
S3,61,Nymph,Male,Belly,,,,,,,,,,,,,,,,
S3,61,Nymph,Male,Head,,,,,,,,,,,,,,,,
S3,61,Nymph,Male,Tail,,,,,,,,,,,,,,,,
S3,61,Nymph,Male,Neck,,,,,,,,,,,,,,,,
S3,61,Nymph,Male,Shoulder,,,,,,,,,,,,,,,,
S3,62,Adult,Female,Leg,,,3,,,,,,,,,,,,,
S3,62,Adult,Female,Belly,,,2,4,,,,,,,,,,,,
S3,62,Adult,Female,Head,,,,,,,,,,,,,,,,
S3,62,Adult,Female,Tail,,,,,,,,,,,,,,,,
S3,62,Adult,Female,Neck,,,,2,,,,,,,,,,,,
S3,62,Adult,Female,Shoulder,,,,,,,,,,,,,,,,
S3,62,Adult,Male,Leg,,,,,,,,,,,,,,,,
S3,62,Adult,Male,Belly,1,,,,,,,,,,,,,,,
S3,62,Adult,Male,Head,,,,3,,,,,,,,,,,,
S3,62,Adult,Male,Tail,,,,,,,1,,,,,,,,,
S3,62,Adult,Male,Neck,,,,,,,1,,,,,,,,,
S3,62,Adult,Male,Shoulder,,,,,,,,,,,,,,,,
S3,62,Nymph,Female,Leg,,,,,,,,,,,,,,,,
S3,62,Nymph,Female,Belly,,,,,,,,,,,,,,,,
S3,62,Nymph,Female,Head,,,1,,,,,,,,,,,,,
S3,62,Nymph,Female,Tail,,,,3,,,,,,,,,,,,
S3,62,Nymph,Female,Neck,,,,,,,,,,,,,,,,
S3,62,Nymph,Female,Shoulder,,,,,,,,,,,,,,,,
S3,62,Nymph,Male,Leg,,,,,,,,,,,,,,,,
S3,62,Nymph,Male,Belly,,,,,,,,,,,,,,,,
S3,62,Nymph,Male,Head,,,,,,,,,,,,,,,,
S3,62,Nymph,Male,Tail,,,,3,,,,,,,,,,,,
S3,62,Nymph,Male,Neck,,,,,,,,,,,,,,,,
S3,62,Nymph,Male,Shoulder,,,,,,,,,,,,,,,,
S3,63,Adult,Female,Leg,,,,3,1,,,,,,,,,,,
S3,63,Adult,Female,Belly,,,,3,3,,,1,,,,,,,,
S3,63,Adult,Female,Head,,,,,,,,,,,,,,,,
S3,63,Adult,Female,Tail,,,,,,,,,,,,,,,,
S3,63,Adult,Female,Neck,,,,4,3,,,,,,,,,,,
S3,63,Adult,Female,Shoulder,,,1,1,4,,,2,,,,,,,,
S3,63,Adult,Male,Leg,,,,,,,,,,,,,,,,
S3,63,Adult,Male,Belly,,,,,,,,,,,,,,,,
S3,63,Adult,Male,Head,,,,,,,,,,,,,,,,
S3,63,Adult,Male,Tail,,,,,,,,,,,,,,,,
S3,63,Adult,Male,Neck,,,,,,,,,,,,,,,,
S3,63,Adult,Male,Shoulder,,,,,,,,,,,,,,,,
S3,63,Nymph,Female,Leg,,,,,,,,,,,,,,,,
S3,63,Nymph,Female,Belly,,,,,,,,,,,,,,,,
S3,63,Nymph,Female,Head,,,,,,,,,,,,,,,,
S3,63,Nymph,Female,Tail,,,,,,,,,,,,,,,,
S3,63,Nymph,Female,Neck,,,,,,,,,,,,,,,,
S3,63,Nymph,Female,Shoulder,,,,,,,,,,,,,,,,
S3,63,Nymph,Male,Leg,,,,,,,,,,,,,,,,
S3,63,Nymph,Male,Belly,,,3,,,,,,,,,,,,,
S3,63,Nymph,Male,Head,,,,,,,,,,,,,,,,
S3,63,Nymph,Male,Tail,,,,,,,,,,,,,,,,
S3,63,Nymph,Male,Neck,,,,,,,,,,,,,,,,
S3,63,Nymph,Male,Shoulder,,,2,,,,,,,,,,,,,
S3,64,Adult,Female,Leg,,,,1,,,,1,,,,,,,,
S3,64,Adult,Female,Belly,,,1,,8,,,,,,,,,,,
S3,64,Adult,Female,Head,,,1,3,1,,,,,,,,,,,
S3,64,Adult,Female,Tail,1,1,,,2,,,,,,,,,,,
S3,64,Adult,Female,Neck,,,1,,,,,,,,,,,,,
S3,64,Adult,Female,Shoulder,,,1,1,3,,,,,,,,,,,
S3,64,Adult,Male,Leg,,,,,,,,1,,,,,,,,
S3,64,Adult,Male,Belly,1,,,,,,,,,,,,,,,
S3,64,Adult,Male,Head,1,,,,,,,,,,,,,,,
S3,64,Adult,Male,Tail,1,,,,,,,,,,,,,,,
S3,64,Adult,Male,Neck,,,1,,,,2,,,,,,,,,
S3,64,Adult,Male,Shoulder,,,,,,,,,,,,,,,,
S3,64,Nymph,Female,Leg,,,,,,,,,,,,,,,,
S3,64,Nymph,Female,Belly,,,,,,,,,,,,,,,,
S3,64,Nymph,Female,Head,,,,,,,,,,,,,,,,
S3,64,Nymph,Female,Tail,,,,,,,,,,,,,,,,
S3,64,Nymph,Female,Neck,,,,,,,,,,,,,,,,
S3,64,Nymph,Female,Shoulder,,,,,,,,,,,,,,,,
S3,64,Nymph,Male,Leg,,,,,,,,,,,,,,,,
S3,64,Nymph,Male,Belly,,,1,,,,,,,,,,,,,
S3,64,Nymph,Male,Head,,,,,,,,,,,,,,,,
S3,64,Nymph,Male,Tail,,,,,,,,,,,,,,,,
S3,64,Nymph,Male,Neck,,,,,,,,,,,,,,,,
S3,64,Nymph,Male,Shoulder,,,,,,,,,,,,,,,,
S3,65,Adult,Female,Leg,,,,2,2,,,,,,,,,,,
S3,65,Adult,Female,Belly,,,,4,,,,,,,,,,,,
S3,65,Adult,Female,Head,,,,1,1,,,,,,,,,,,
S3,65,Adult,Female,Tail,,,2,,2,,,,,,,,,,,
S3,65,Adult,Female,Neck,,2,,,,,,,,,,,,,,
S3,65,Adult,Female,Shoulder,,,,2,1,,,1,,,,,,,,
S3,65,Adult,Male,Leg,,,,,,,,,,,,,,,,
S3,65,Adult,Male,Belly,,,,,,,,,,,,,,,,
S3,65,Adult,Male,Head,,,,,,,3,,,,,,,,,
S3,65,Adult,Male,Tail,,,,,,,,,,,,,,,,
S3,65,Adult,Male,Neck,2,,,,,,,,,,,,,,,
S3,65,Adult,Male,Shoulder,,,,,,,,,,,,,,,,
S3,65,Nymph,Female,Leg,,,,,,,,,,,,,,,,
S3,65,Nymph,Female,Belly,,,,,,,,,,,,,,,,
S3,65,Nymph,Female,Head,,,,,,,,,,,,,,,,
S3,65,Nymph,Female,Tail,,,,,,,,,,,,,,,,
S3,65,Nymph,Female,Neck,,,,,,,,,,,,,,,,
S3,65,Nymph,Female,Shoulder,,,2,,,,,,,,,,,,,
S3,65,Nymph,Male,Leg,,,,,,,,,,,,,,,,
S3,65,Nymph,Male,Belly,,,,,,,,,,,,,,,,
S3,65,Nymph,Male,Head,,,,,,,,,,,,,,,,
S3,65,Nymph,Male,Tail,,,1,,,,,,,,,,,,,
S3,65,Nymph,Male,Neck,,,,,,,,,,,,,,,,
S3,65,Nymph,Male,Shoulder,,,,,,,,,,,,,,,,
S3,66,Adult,Female,Leg,,,,,3,,,1,,,,,,,,
S3,66,Adult,Female,Belly,,,,,3,,,,,,,,,,,
S3,66,Adult,Female,Head,,,,,,,,4,,,,,,,,
S3,66,Adult,Female,Tail,,,1,,1,,,,,,,,,,,
S3,66,Adult,Female,Neck,,,,,3,,,,,,,,,,,
S3,66,Adult,Female,Shoulder,,,,,,,,,,,,,,,,
S3,66,Adult,Male,Leg,,,,,,,,,,,,,,,,
S3,66,Adult,Male,Belly,,,,,,,,,,,,,,,,
S3,66,Adult,Male,Head,,,,,,,1,,,,,,,,,
S3,66,Adult,Male,Tail,1,,,,,,,,,,,,,,,
S3,66,Adult,Male,Neck,,,,,,,,,,,,,,,,
S3,66,Adult,Male,Shoulder,,,,,,,,,,,,,,,,
S3,66,Nymph,Female,Leg,,,,,,,,,,,,,,,,
S3,66,Nymph,Female,Belly,,,,,,,,,,,,,,,,
S3,66,Nymph,Female,Head,,,,,,,,,,,,,,,,
S3,66,Nymph,Female,Tail,,,,,,,,,,,,,,,,
S3,66,Nymph,Female,Neck,,,,,,,,,,,,,,,,
S3,66,Nymph,Female,Shoulder,,,,,,,,,,,,,,,,
S3,66,Nymph,Male,Leg,,,,,,,,,,,,,,,,
S3,66,Nymph,Male,Belly,,,,,,,,,,,,,,,,
S3,66,Nymph,Male,Head,,,,,,,,,,,,,,,,
S3,66,Nymph,Male,Tail,,,,,,,,,,,,,,,,
S3,66,Nymph,Male,Neck,,,,,,,,,,,,,,,,
S3,66,Nymph,Male,Shoulder,,,,,,,,,,,,,,,,
S3,67,Adult,Female,Leg,,,,4,1,,,,,,,,,,,
S3,67,Adult,Female,Belly,,,,,,,,,,,,,,,,
S3,67,Adult,Female,Head,,,,,,,,,,,,,,,,
S3,67,Adult,Female,Tail,1,,,3,1,,,,,,,,,,,
S3,67,Adult,Female,Neck,,,,,,,,,,,,,,,,
S3,67,Adult,Female,Shoulder,,,1,2,2,,,1,,,,,,,,
S3,67,Adult,Male,Leg,,,,,,,,,,,,,,,,
S3,67,Adult,Male,Belly,,,,,,,,,,,,,,,,
S3,67,Adult,Male,Head,,,,,,,,,,,,,,,,
S3,67,Adult,Male,Tail,1,,,,,,,,,,,,,,,
S3,67,Adult,Male,Neck,,,,,,,,,,,,,,,,
S3,67,Adult,Male,Shoulder,,,,,,,,,,,,,,,,
S3,67,Nymph,Female,Leg,,,,,,,,,,,,,,,,
S3,67,Nymph,Female,Belly,,,,,,,,,,,,,,,,
S3,67,Nymph,Female,Head,,,,,,,,,,,,,,,,
S3,67,Nymph,Female,Tail,,,,,,,,,,,,,,,,
S3,67,Nymph,Female,Neck,,,,,,,,,,,,,,,,
S3,67,Nymph,Female,Shoulder,,,,,,,,,,,,,,,,
S3,67,Nymph,Male,Leg,,,1,,,,,,,,,,,,,
S3,67,Nymph,Male,Belly,,,,,,,,,,,,,,,,
S3,67,Nymph,Male,Head,,,,,,,,,,,,,,,,
S3,67,Nymph,Male,Tail,,,,,,,,,,,,,,,,
S3,67,Nymph,Male,Neck,,,,,,,,,,,,,,,,
S3,67,Nymph,Male,Shoulder,,,,,,,,,,,,,,,,
S3,68,Adult,Female,Leg,,,5,,2,,,,,,,,,,,
S3,68,Adult,Female,Belly,,,3,,3,,,,,,,,,,,
S3,68,Adult,Female,Head,,,,,,,,,,,,,,,,
S3,68,Adult,Female,Tail,,,,2,1,,,,,,,,,,,
S3,68,Adult,Female,Neck,,,3,,,,,,,,,,,,,
S3,68,Adult,Female,Shoulder,,,,5,4,,,,,,,,,,,
S3,68,Adult,Male,Leg,,,,,,,,,,,,,,,,
S3,68,Adult,Male,Belly,,,,,,,,,,,,,,,,
S3,68,Adult,Male,Head,,,,,,,,,,,,,,,,
S3,68,Adult,Male,Tail,,,,,1,,,,,,,,,,,
S3,68,Adult,Male,Neck,,,,,,,,,,,,,,,,
S3,68,Adult,Male,Shoulder,,,,,,,,,,,,,,,,
S3,68,Nymph,Female,Leg,,,,,,,,,,,,,,,,
S3,68,Nymph,Female,Belly,,,,,,,,,,,,,,,,
S3,68,Nymph,Female,Head,,,,,,,,,,,,,,,,
S3,68,Nymph,Female,Tail,,,,,,,,,,,,,,,,
S3,68,Nymph,Female,Neck,,,,,,,,,,,,,,,,
S3,68,Nymph,Female,Shoulder,,,,,,,,,,,,,,,,
S3,68,Nymph,Male,Leg,,,,,,,,,,,,,,,,
S3,68,Nymph,Male,Belly,,,,,,,,,,,,,,,,
S3,68,Nymph,Male,Head,,,,,,,,,,,,,,,,
S3,68,Nymph,Male,Tail,,,,,,,,,,,,,,,,
S3,68,Nymph,Male,Neck,,,,,,,,,,,,,,,,
S3,68,Nymph,Male,Shoulder,,,,,,,,,,,,,,,,
S3,69,Adult,Female,Leg,,,,5,2,,,,,,,,,,,
S3,69,Adult,Female,Belly,,,,,1,,,,,,,,,,,
S3,69,Adult,Female,Head,,,,10,,,,,,,,,,,,
S3,69,Adult,Female,Tail,,,4,1,,,,,,,,,,,,
S3,69,Adult,Female,Neck,,,,,,,,,,,,,,,,
S3,69,Adult,Female,Shoulder,,,2,,3,,,,,,,,,,,
S3,69,Adult,Male,Leg,,,,,,,,,,,,,,,,
S3,69,Adult,Male,Belly,,,,,1,,,,,,,,,,,
S3,69,Adult,Male,Head,,,,,,,,,,,,,,,,
S3,69,Adult,Male,Tail,,,,,,,,,,,,,,,,
S3,69,Adult,Male,Neck,,,,,,,,,,,,,,,,
S3,69,Adult,Male,Shoulder,,,,,,,,,,,,,,,,
S3,69,Nymph,Female,Leg,,,,,,,,,,,,,,,,
S3,69,Nymph,Female,Belly,,,,,,,,,,,,,,,,
S3,69,Nymph,Female,Head,,,,,,,,,,,,,,,,
S3,69,Nymph,Female,Tail,,,,,,,,,,,,,,,,
S3,69,Nymph,Female,Neck,,,,,,,,,,,,,,,,
S3,69,Nymph,Female,Shoulder,,,,,,,,,,,,,,,,
S3,69,Nymph,Male,Leg,,,,,,,,,,,,,,,,
S3,69,Nymph,Male,Belly,,,,,,,,,,,,,,,,
S3,69,Nymph,Male,Head,,,,,,,,,,,,,,,,
S3,69,Nymph,Male,Tail,,,,,,,,,,,,,,,,
S3,69,Nymph,Male,Neck,,,,,,,,,,,,,,,,
S3,69,Nymph,Male,Shoulder,,,,,,,,,,,,,,,,
S3,70,Adult,Female,Leg,,,1,3,1,,,,,,,,,,,
S3,70,Adult,Female,Belly,,,,3,2,,,,,,,,,,,
S3,70,Adult,Female,Head,,,,4,3,,,,,,,,,,,
S3,70,Adult,Female,Tail,,,,,,,,,,,,,,,,
S3,70,Adult,Female,Neck,,,,,,,,,,,,,,,,
S3,70,Adult,Female,Shoulder,,,,5,3,,,,,,,,,,,
S3,70,Adult,Male,Leg,,,1,,,,,,,,,,,,,
S3,70,Adult,Male,Belly,,,,,,,,,,,,,,,,
S3,70,Adult,Male,Head,,,,,,,,,,,,,,,,
S3,70,Adult,Male,Tail,,,,,,,,,,,,,,,,
S3,70,Adult,Male,Neck,,,,,,,,,,,,,,,,
S3,70,Adult,Male,Shoulder,,,,,,,,,,,,,,,,
S3,70,Nymph,Female,Leg,,,,,,,,,,,,,,,,
S3,70,Nymph,Female,Belly,,,,,,,,,,,,,,,,
S3,70,Nymph,Female,Head,,,,,,,,,,,,,,,,
S3,70,Nymph,Female,Tail,,,,,,,,,,,,,,,,
S3,70,Nymph,Female,Neck,,,,,,,,,,,,,,,,
S3,70,Nymph,Female,Shoulder,,,,,,,,,,,,,,,,
S3,70,Nymph,Male,Leg,,,,,,,,,,,,,,,,
S3,70,Nymph,Male,Belly,,,,,,,,,,,,,,,,
S3,70,Nymph,Male,Head,,,,,,,,,,,,,,,,
S3,70,Nymph,Male,Tail,,,,,,,,,,,,,,,,
S3,70,Nymph,Male,Neck,,,,,,,,,,,,,,,,
S3,70,Nymph,Male,Shoulder,,,,,,,,,,,,,,,,
S3,71,Adult,Female,Leg,,,,,,,,,,,,,,,,
S3,71,Adult,Female,Belly,,,,5,,,,,,,,,,,,
S3,71,Adult,Female,Head,,,3,5,,,,,,,,,,,,
S3,71,Adult,Female,Tail,,,,3,1,,,,,,,,,,,
S3,71,Adult,Female,Neck,,,,3,,,,,,,,,,,,
S3,71,Adult,Female,Shoulder,,,3,3,2,,,,,,,,,,,
S3,71,Adult,Male,Leg,,,,,,,,,,,,,,,,
S3,71,Adult,Male,Belly,,,,,,,,,,,,,,,,
S3,71,Adult,Male,Head,,,,,7,,,,,,,,,,,
S3,71,Adult,Male,Tail,,,,,,,,,,,,,,,,
S3,71,Adult,Male,Neck,,,,,,,,,,,,,,,,
S3,71,Adult,Male,Shoulder,,,,,,,,,,,,,,,,
S3,71,Nymph,Female,Leg,,,,,,,,,,,,,,,,
S3,71,Nymph,Female,Belly,,,2,,,,,,,,,,,,,
S3,71,Nymph,Female,Head,,,,,,,,,,,,,,,,
S3,71,Nymph,Female,Tail,,,,,,,,,,,,,,,,
S3,71,Nymph,Female,Neck,,,,,,,,,,,,,,,,
S3,71,Nymph,Female,Shoulder,,,,,,,,,,,,,,,,
S3,71,Nymph,Male,Leg,,,,,,,,,,,,,,,,
S3,71,Nymph,Male,Belly,,,,4,,,,,,,,,,,,
S3,71,Nymph,Male,Head,,,,,,,,,,,,,,,,
S3,71,Nymph,Male,Tail,,,1,,,,,,,,,,,,,
S3,71,Nymph,Male,Neck,,,,4,,,,,,,,,,,,
S3,71,Nymph,Male,Shoulder,,,,,,,,,,,,,,,,
S3,72,Adult,Female,Leg,,,6,3,,,,,,,,,,,,
S3,72,Adult,Female,Belly,,,,,,,,,,,,,,,,
S3,72,Adult,Female,Head,,,,3,,,,,,,,,,,,
S3,72,Adult,Female,Tail,,,1,2,3,,,,,,,,,,,
S3,72,Adult,Female,Neck,,,1,3,2,,,,,,,,,,,
S3,72,Adult,Female,Shoulder,,,1,3,1,,,,,,,,,,,
S3,72,Adult,Male,Leg,,,,,,,,,,,,,,,,
S3,72,Adult,Male,Belly,,,,,,,,,,,,,,,,
S3,72,Adult,Male,Head,,,,,,,,,,,,,,,,
S3,72,Adult,Male,Tail,,,,,,,,,,,,,,,,
S3,72,Adult,Male,Neck,,,,,,,,,,,,,,,,
S3,72,Adult,Male,Shoulder,,,,,,,,,,,,,,,,
S3,72,Nymph,Female,Leg,,,,,,,,,,,,,,,,
S3,72,Nymph,Female,Belly,,,,,,,,,,,,,,,,
S3,72,Nymph,Female,Head,,,4,,,,,,,,,,,,,
S3,72,Nymph,Female,Tail,,,,,,,,,,,,,,,,
S3,72,Nymph,Female,Neck,,,,,,,,,,,,,,,,
S3,72,Nymph,Female,Shoulder,,,,,,,,,,,,,,,,
S3,72,Nymph,Male,Leg,,,,,,,,,,,,,,,,
S3,72,Nymph,Male,Belly,,,,,,,,,,,,,,,,
S3,72,Nymph,Male,Head,,,2,,,,,,,,,,,,,
S3,72,Nymph,Male,Tail,,,,,,,,,,,,,,,,
S3,72,Nymph,Male,Neck,,,,,,,,,,,,,,,,
S3,72,Nymph,Male,Shoulder,,,,,,,,,,,,,,,,
S3,73,Adult,Female,Leg,,,3,,,,,,,,,,,,,
S3,73,Adult,Female,Belly,,,,,,,,,,,,,,,,
S3,73,Adult,Female,Head,,,,1,,,,,,,,,,,,
S3,73,Adult,Female,Tail,,,,,1,,,,,,,,,,,
S3,73,Adult,Female,Neck,,,,,,,,,,,,,,,,
S3,73,Adult,Female,Shoulder,,,,,,,,,,,,,,,,
S3,73,Adult,Male,Leg,,,,,,,,,,,,,,,,
S3,73,Adult,Male,Belly,,,3,,,,,,,,,,,,,
S3,73,Adult,Male,Head,,,,,,,,,,,,,,,,
S3,73,Adult,Male,Tail,,,,,,,,,,,,,,,,
S3,73,Adult,Male,Neck,,,,,,,,,,,,,,,,
S3,73,Adult,Male,Shoulder,,,,,,,,,,,,,,,,
S3,73,Nymph,Female,Leg,,,,,,,,,,,,,,,,
S3,73,Nymph,Female,Belly,,,,,,,,,,,,,,,,
S3,73,Nymph,Female,Head,,,,,,,,,,,,,,,,
S3,73,Nymph,Female,Tail,,,,,,,,,,,,,,,,
S3,73,Nymph,Female,Neck,,,,,,,,,,,,,,,,
S3,73,Nymph,Female,Shoulder,,,,,,,,,,,,,,,,
S3,73,Nymph,Male,Leg,,,,,,,,,,,,,,,,
S3,73,Nymph,Male,Belly,,,,,,,,,,,,,,,,
S3,73,Nymph,Male,Head,,,,,,,,,,,,,,,,
S3,73,Nymph,Male,Tail,,,,,,,,,,,,,,,,
S3,73,Nymph,Male,Neck,,,,,,,,,,,,,,,,
S3,73,Nymph,Male,Shoulder,,,,,,,,,,,,,,,,
S3,74,Adult,Female,Leg,,,,,,,,,,,,,,,,
S3,74,Adult,Female,Belly,,,,,,,,,,,,,,,,
S3,74,Adult,Female,Head,,,,,,,,,,,,,,,,
S3,74,Adult,Female,Tail,,,,,,,,,,,,,,,,
S3,74,Adult,Female,Neck,,,,,,,,,,,,,,,,
S3,74,Adult,Female,Shoulder,,,,,,,,,,,,,,,,
S3,74,Adult,Male,Leg,,,,,,,,,,,,,,,,
S3,74,Adult,Male,Belly,,,,,,,,,,,,,,,,
S3,74,Adult,Male,Head,,,,,,,,,,,,,,,,
S3,74,Adult,Male,Tail,,,,,,,,,,,,,,,,
S3,74,Adult,Male,Neck,,,,,,,,,,,,,,,,
S3,74,Adult,Male,Shoulder,,,,,,,,,,,,,,,,
S3,74,Nymph,Female,Leg,,,,1,,,,,,,,,,,,
S3,74,Nymph,Female,Belly,,,,,,,,,,,,,,,,
S3,74,Nymph,Female,Head,,,,,,,,,,,,,,,,
S3,74,Nymph,Female,Tail,,,,,,,,,,,,,,,,
S3,74,Nymph,Female,Neck,,,,,,,,,,,,,,,,
S3,74,Nymph,Female,Shoulder,,,,,,,,,,,,,,,,
S3,74,Nymph,Male,Leg,,,,2,,,,,,,,,,,,
S3,74,Nymph,Male,Belly,,,,,,,,,,,,,,,,
S3,74,Nymph,Male,Head,,,,,,,,,,,,,,,,
S3,74,Nymph,Male,Tail,,,,,,,,,,,,,,,,
S3,74,Nymph,Male,Neck,,,,,,,,,,,,,,,,
S3,74,Nymph,Male,Shoulder,,,,,,,,,,,,,,,,
S3,86,Adult,Female,Leg,,,,1,,,,,,,,,,,,
S3,86,Adult,Female,Belly,,,,,,,,,,,,,,,,
S3,86,Adult,Female,Head,,,,,,,,,,,,,,,,
S3,86,Adult,Female,Tail,,,,,,,,,,,,,,,,
S3,86,Adult,Female,Neck,,,,,,,,,,,,,,,,
S3,86,Adult,Female,Shoulder,,,,,,,,,,,,,,,,
S3,86,Adult,Male,Leg,,,,,,,,,,,,,,,,
S3,86,Adult,Male,Belly,,,,,,,,,,,,,,,,
S3,86,Adult,Male,Head,,,,,,,,,,,,,,,,
S3,86,Adult,Male,Tail,,,,,,,,,,,,,,,,
S3,86,Adult,Male,Neck,,,,,,,,,,,,,,,,
S3,86,Adult,Male,Shoulder,,,,,,,,,,,,,,,,
S3,86,Nymph,Female,Leg,,,,,,,,,,,,,,,,
S3,86,Nymph,Female,Belly,,,,,,,,,,,,,,,,
S3,86,Nymph,Female,Head,,,,,,,,,,,,,,,,
S3,86,Nymph,Female,Tail,,,,,,,,,,,,,,,,
S3,86,Nymph,Female,Neck,,,,,,,,,,,,,,,,
S3,86,Nymph,Female,Shoulder,,,,,,,,,,,,,,,,
S3,86,Nymph,Male,Leg,,,,,,,,,,,,,,,,
S3,86,Nymph,Male,Belly,,,,,,,,,,,,,,,,
S3,86,Nymph,Male,Head,,,,,,,,,,,,,,,,
S3,86,Nymph,Male,Tail,,,,,,,,,,,,,,,,
S3,86,Nymph,Male,Neck,,,,,,,,,,,,,,,,
S3,86,Nymph,Male,Shoulder,,,,,,,,,,,,,,,,
S3,87,Adult,Female,Leg,,,,,,,,,,,,,,,,
S3,87,Adult,Female,Belly,,,,,,,,,,,,,,,,
S3,87,Adult,Female,Head,,,,,,,,,,,,,,,,
S3,87,Adult,Female,Tail,,,,2,,,,,,,,,,,,
S3,87,Adult,Female,Neck,,,,,,,,,,,,,,,,
S3,87,Adult,Female,Shoulder,,,,,,,,,,,,,,,,
S3,87,Adult,Male,Leg,,,,,,,,,,,,,,,,
S3,87,Adult,Male,Belly,,,,,,,,,,,,,,,,
S3,87,Adult,Male,Head,,,,,,,,,,,,,,,,
S3,87,Adult,Male,Tail,,,,,,,,,,,,,,,,
S3,87,Adult,Male,Neck,,,,,,,,,,,,,,,,
S3,87,Adult,Male,Shoulder,,,,,,,,,,,,,,,,
S3,87,Nymph,Female,Leg,,,,,,,,,,,,,,,,
S3,87,Nymph,Female,Belly,,,,,,,,,,,,,,,,
S3,87,Nymph,Female,Head,,,,,,,,,,,,,,,,
S3,87,Nymph,Female,Tail,,,,,,,,,,,,,,,,
S3,87,Nymph,Female,Neck,,,,,,,,,,,,,,,,
S3,87,Nymph,Female,Shoulder,,,,,,,,,,,,,,,,
S3,87,Nymph,Male,Leg,,,,,,,,,,,,,,,,
S3,87,Nymph,Male,Belly,,,,,,,,,,,,,,,,
S3,87,Nymph,Male,Head,,,,,,,,,,,,,,,,
S3,87,Nymph,Male,Tail,,,,,,,,,,,,,,,,
S3,87,Nymph,Male,Neck,,,,,,,,,,,,,,,,
S3,87,Nymph,Male,Shoulder,,,,,,,,,,,,,,,,
S3,88,Adult,Female,Leg,,,,,2,,,,,,,,,,,
S3,88,Adult,Female,Belly,,,,,,,,,,,,,,,,
S3,88,Adult,Female,Head,,,,,,,,,,,,,,,,
S3,88,Adult,Female,Tail,,,,,,,,,,,,,,,,
S3,88,Adult,Female,Neck,,,,,,,,,,,,,,,,
S3,88,Adult,Female,Shoulder,,,1,,,,,,,,,,,,,
S3,88,Adult,Male,Leg,,,,,,,,,,,,,,,,
S3,88,Adult,Male,Belly,,,,,,,,,,,,,,,,
S3,88,Adult,Male,Head,,,,,,,,,,,,,,,,
S3,88,Adult,Male,Tail,,,,,,,,,,,,,,,,
S3,88,Adult,Male,Neck,,,,,,,,,,,,,,,,
S3,88,Adult,Male,Shoulder,,,,,,,,,,,,,,,,
S3,88,Nymph,Female,Leg,,,,,,,,,,,,,,,,
S3,88,Nymph,Female,Belly,,,,,,,,,,,,,,,,
S3,88,Nymph,Female,Head,,,,,,,,,,,,,,,,
S3,88,Nymph,Female,Tail,,,,,,,,,,,,,,,,
S3,88,Nymph,Female,Neck,,,,,,,,,,,,,,,,
S3,88,Nymph,Female,Shoulder,,,,,,,,,,,,,,,,
S3,88,Nymph,Male,Leg,,,,,,,,,,,,,,,,
S3,88,Nymph,Male,Belly,,,,,,,,,,,,,,,,
S3,88,Nymph,Male,Head,,,,,,,,,,,,,,,,
S3,88,Nymph,Male,Tail,,,,,,,,,,,,,,,,
S3,88,Nymph,Male,Neck,,,,,,,,,,,,,,,,
S3,88,Nymph,Male,Shoulder,,,,,,,,,,,,,,,,
S3,89,Adult,Female,Leg,,,,1,1,,,,,,,,,,,
S3,89,Adult,Female,Belly,,,,,,,,,,,,,,,,
S3,89,Adult,Female,Head,,,2,3,,,,,,,,,,,,
S3,89,Adult,Female,Tail,,,,,,,,,,,,,,,,
S3,89,Adult,Female,Neck,,,,,,,,,,,,,,,,
S3,89,Adult,Female,Shoulder,,,,,,,,,,,,,,,,
S3,89,Adult,Male,Leg,,,,,,,,,,,,,,,,
S3,89,Adult,Male,Belly,,,,,,,,,,,,,,,,
S3,89,Adult,Male,Head,,,,,,,,,,,,,,,,
S3,89,Adult,Male,Tail,,,,,,,,,,,,,,,,
S3,89,Adult,Male,Neck,,,,,,,,,,,,,,,,
S3,89,Adult,Male,Shoulder,,,,,,,,,,,,,,,,
S3,89,Nymph,Female,Leg,,,,,,,,,,,,,,,,
S3,89,Nymph,Female,Belly,,,,,,,,,,,,,,,,
S3,89,Nymph,Female,Head,,,,,,,,,,,,,,,,
S3,89,Nymph,Female,Tail,,,,,,,,,,,,,,,,
S3,89,Nymph,Female,Neck,,,,,,,,,,,,,,,,
S3,89,Nymph,Female,Shoulder,,,,,,,,,,,,,,,,
S3,89,Nymph,Male,Leg,,,,,,,,,,,,,,,,
S3,89,Nymph,Male,Belly,,,,,,,,,,,,,,,,
S3,89,Nymph,Male,Head,,,,,,,,,,,,,,,,
S3,89,Nymph,Male,Tail,,,,,,,,,,,,,,,,
S3,89,Nymph,Male,Neck,,,,,,,,,,,,,,,,
S3,89,Nymph,Male,Shoulder,,,,,,,,,,,,,,,,
S3,93,Adult,Female,Leg,,,1,,,,,,,,,,,,,
S3,93,Adult,Female,Belly,,,,,,,,,,,,,,,,
S3,93,Adult,Female,Head,,,1,,,,,,,,,,,,,
S3,93,Adult,Female,Tail,,,,4,,,,,,,,,,,,
S3,93,Adult,Female,Neck,,,,,3,,,,,,,,,,,
S3,93,Adult,Female,Shoulder,,,,,,,,,,,,,,,,
S3,93,Adult,Male,Leg,,,,,,,,,,,,,,,,
S3,93,Adult,Male,Belly,,,,,,,,,1,,,,,,,
S3,93,Adult,Male,Head,,,,,,,,,,,,,,,,
S3,93,Adult,Male,Tail,,,,,,,,,,,,,,,,
S3,93,Adult,Male,Neck,,,,,,,,,,,,,,,,
S3,93,Adult,Male,Shoulder,,,,,,,,,,,,,,,,
S3,93,Nymph,Female,Leg,,,,,,,,,,,,,,,,
S3,93,Nymph,Female,Belly,,,,,,,,,,,,,,,,
S3,93,Nymph,Female,Head,,,,,,,,,,,,,,,,
S3,93,Nymph,Female,Tail,,,,,,,,,,,,,,,,
S3,93,Nymph,Female,Neck,,,,,,,,,,,,,,,,
S3,93,Nymph,Female,Shoulder,,,,,,,,,,,,,,,,
S3,93,Nymph,Male,Leg,,,,,,,,,,,,,,,,
S3,93,Nymph,Male,Belly,,,,,,,,,,,,,,,,
S3,93,Nymph,Male,Head,,,,,,,,,,,,,,,,
S3,93,Nymph,Male,Tail,,,,,,,,,,,,,,,,
S3,93,Nymph,Male,Neck,,,,,,,,,,,,,,,,
S3,93,Nymph,Male,Shoulder,,,,,,,,,,,,,,,,
S3,94,Adult,Female,Leg,,,,,,,,,,,,,,,,
S3,94,Adult,Female,Belly,,,,1,,,,,,,,,,,,
S3,94,Adult,Female,Head,,,,,,,,,,,,,,,,
S3,94,Adult,Female,Tail,,,,,,,,,,,,,,,,
S3,94,Adult,Female,Neck,,,,,,,,,,,,,,,,
S3,94,Adult,Female,Shoulder,,,,3,,,,,,,,,,,,
S3,94,Adult,Male,Leg,,,,,,,,,,,,,,,,
S3,94,Adult,Male,Belly,,,,,,,,,,,,,,,,
S3,94,Adult,Male,Head,,,,,,,,,,,,,,,,
S3,94,Adult,Male,Tail,,,,,,,,,,,,,,,,
S3,94,Adult,Male,Neck,,,,,,,,,,,,,,,,
S3,94,Adult,Male,Shoulder,,,,,,,,,,,,,,,,
S3,94,Nymph,Female,Leg,,,,,,,,,,,,,,,,
S3,94,Nymph,Female,Belly,,,,,,,,,,,,,,,,
S3,94,Nymph,Female,Head,,,,,,,,,,,,,,,,
S3,94,Nymph,Female,Tail,,,,,,,,,,,,,,,,
S3,94,Nymph,Female,Neck,,,,,,,,,,,,,,,,
S3,94,Nymph,Female,Shoulder,,,,,,,,,,,,,,,,
S3,94,Nymph,Male,Leg,,,1,,,,,,,,,,,,,
S3,94,Nymph,Male,Belly,,,,,,,,,,,,,,,,
S3,94,Nymph,Male,Head,,,,,,,,,,,,,,,,
S3,94,Nymph,Male,Tail,,,,,,,,,,,,,,,,
S3,94,Nymph,Male,Neck,,,3,,,,,,,,,,,,,
S3,94,Nymph,Male,Shoulder,,,,,,,,,,,,,,,,
S3,95,Adult,Female,Leg,,,,,3,,,,,,,,,,,
S3,95,Adult,Female,Belly,,,,5,,,,,,,,,,,,
S3,95,Adult,Female,Head,,,2,,3,,,,,,,,,,,
S3,95,Adult,Female,Tail,,,,5,,,,,,,,,,,,
S3,95,Adult,Female,Neck,,,,3,,,,,,,,,,,,
S3,95,Adult,Female,Shoulder,,,2,,,,,,,,,,,,,
S3,95,Adult,Male,Leg,1,,,,,,,,,,,,,,,
S3,95,Adult,Male,Belly,,,,,,,,,,,,,,,,
S3,95,Adult,Male,Head,,,,,,,,,,,,,,,,
S3,95,Adult,Male,Tail,,,,,,,,,,,,,,,,
S3,95,Adult,Male,Neck,,,,,,,,,,,,,,,,
S3,95,Adult,Male,Shoulder,,,,,,,,,,,,,,,,
S3,95,Nymph,Female,Leg,,,,,,,,,,,,,,,,
S3,95,Nymph,Female,Belly,,,,,,,,,,,,,,,,
S3,95,Nymph,Female,Head,,,,,,,,,,,,,,,,
S3,95,Nymph,Female,Tail,,,,,,,,,,,,,,,,
S3,95,Nymph,Female,Neck,,,,,,,,,,,,,,,,
S3,95,Nymph,Female,Shoulder,,,,,,,,,,,,,,,,
S3,95,Nymph,Male,Leg,,,,,,,,,,,,,,,,
S3,95,Nymph,Male,Belly,,,1,,,,,,,,,,,,,
S3,95,Nymph,Male,Head,,,,,,,,,,,,,,,,
S3,95,Nymph,Male,Tail,,,,,,,,,,,,,,,,
S3,95,Nymph,Male,Neck,,,,,,,,,,,,,,,,
S3,95,Nymph,Male,Shoulder,,,2,,,,,,,,,,,,,
